instance,index_of_system,number_of_subsystems,number_of_component_types,number_of_resource_types,number_of_q_terms,number_of_q_nodes,number_of_q_sorted_nodes,number_of_qr_terms,number_of_qr_nodes,number_of_qr_sorted_nodes,solution_model,number_of_vars,number_of_bin_vars,number_of_cons,number_of_nzs,number_of_bb_nodes,cpu_time,obj,time_limit,mip_gap,solution
rrap_ns12_nh2_m2_seed1,11,12,2,2,497,789,626,178,618,369,[Q-BASIC],547440,258,8068,1247418,706501,1321.9,0.993885,0,0,"1	0	1	3	0	1	1	0	0	1	6	0	0	1	1	0	1	0	1	0	1	0	3	2	"
rrap_ns12_nh2_m2_seed2,11,12,2,2,497,789,626,178,618,369,[Q-BASIC],517089,159,7969,1122448,8717,42.5935,0.98942,0,0,"1	0	0	4	0	1	1	0	1	0	0	3	0	1	0	1	1	0	0	1	0	1	0	3	"
rrap_ns12_nh2_m2_seed3,11,12,2,2,497,789,626,178,618,369,[Q-BASIC],520244,164,7974,1132754,75522,283.04,0.93294,0,0,"0	1	0	3	0	1	0	1	1	0	0	2	0	1	0	1	1	0	1	0	0	2	3	0	"
rrap_ns12_nh2_m2_seed4,11,12,2,2,497,789,626,178,618,369,[Q-BASIC],518786,161,7971,1127008,66639,238.254,0.963564,0,0,"0	2	1	1	1	0	1	0	1	0	0	3	1	0	1	0	0	1	1	0	1	0	4	0	"
rrap_ns12_nh3_m2_seed1,11,12,3,2,497,789,626,178,618,369,[Q-BASIC],582160,337,12052,1361129,4.78E+06,10334.2,0.995963,0,0,"1	0	0	0	4	0	1	0	0	1	0	0	1	0	0	4	0	0	0	1	0	0	0	1	0	1	0	0	0	1	1	0	0	0	0	4	"
rrap_ns12_nh3_m2_seed2,11,12,3,2,497,789,626,178,618,369,[Q-BASIC],549095,232,11947,1226074,3.68E+06,15000.8,0.95405,0,0,"1	0	0	3	0	0	1	0	0	1	0	0	1	0	0	0	0	2	1	0	0	0	1	0	0	1	0	0	1	0	0	0	1	3	0	0	"
rrap_ns12_nh3_m2_seed3,11,12,3,2,497,789,626,178,618,369,[Q-BASIC],559590,265,11980,1268502,576040,1571.39,0.978684,0,0,"0	0	1	0	3	0	1	0	0	0	1	0	0	0	1	2	1	0	0	0	1	0	0	1	1	0	0	1	0	0	0	1	0	0	3	0	"
rrap_ns12_nh3_m2_seed4,11,12,3,2,497,789,626,178,618,369,[Q-BASIC],560079,273,11988,1274594,3.91E+06,9387.44,0.973087,0,0,"1	0	0	0	0	3	0	1	0	0	1	0	1	0	0	2	0	0	0	1	0	1	0	0	1	0	0	0	1	0	0	2	0	0	3	0	"
rrap_ns12_nh4_m2_seed1,11,12,4,2,497,789,626,178,618,369,[Q-BASIC],579753,302,15922,1325334,1.51E+06,7516.66,0.971171,0,0,"0	0	1	0	0	0	0	3	1	0	0	0	0	0	1	0	1	0	0	0	3	0	0	0	0	1	0	0	0	0	1	0	0	1	0	0	0	0	1	0	1	0	0	0	0	0	0	3	"
rrap_ns12_nh4_m2_seed2,11,12,4,2,497,789,626,178,618,369,[Q-BASIC],604120,378,15998,1424260,5.08E+06,16338.6,0.994445,0,0,"0	0	1	0	1	3	0	0	0	1	0	0	0	1	0	0	0	1	0	0	2	1	0	0	1	0	0	0	0	0	1	0	1	0	0	0	1	0	0	0	1	0	0	0	0	0	0	4	"
rrap_ns12_nh4_m2_seed3,11,12,4,2,497,789,626,178,618,369,[Q-BASIC],571072,277,15897,1291710,950674,4436.09,0.956236,0,0,"1	0	0	0	0	0	2	0	1	0	0	0	0	0	1	0	0	0	0	1	0	0	3	0	0	1	0	0	0	0	1	0	0	1	0	0	0	0	0	1	0	0	0	1	0	0	3	0	"
rrap_ns12_nh4_m2_seed4,11,12,4,2,497,789,626,178,618,369,[Q-BASIC],567420,264,15884,1275784,57953,351.945,0.967241,0,0,"0	0	1	0	0	2	0	0	0	0	1	0	0	0	1	0	1	0	0	0	3	0	0	0	0	0	1	0	0	0	1	0	0	0	1	0	0	0	1	0	0	0	1	0	0	3	0	0	"
rrap_ns12_nh2_m2_seed1,11,12,2,2,497,789,626,178,618,369,[Q-TREE],39479,258,1836,130605,3.30E+06,3548.09,0.993844,0,0,"1	0	1	3	0	1	1	0	0	1	6	0	0	1	1	0	1	0	1	0	1	0	3	2	"
rrap_ns12_nh2_m2_seed2,11,12,2,2,497,789,626,178,618,369,[Q-TREE],23049,159,1737,72704,8282,20.0066,0.989458,0,0,"1	0	0	4	0	1	1	0	1	0	0	3	0	1	0	1	1	0	0	1	0	1	0	3	"
rrap_ns12_nh2_m2_seed3,11,12,2,2,497,789,626,178,618,369,[Q-TREE],24081,164,1742,76336,150440,236.381,0.932894,0,0,"0	1	0	3	0	1	0	1	1	0	0	2	0	1	0	1	1	0	1	0	0	2	3	0	"
rrap_ns12_nh2_m2_seed4,11,12,2,2,497,789,626,178,618,369,[Q-TREE],24747,161,1739,78655,140594,218.813,0.963588,0,0,"0	2	1	1	1	0	1	0	1	0	0	3	1	0	1	0	0	1	1	0	1	0	4	0	"
rrap_ns12_nh3_m2_seed1,11,12,3,2,497,789,626,178,618,369,[Q-TREE],49717,337,2704,163054,1.33E+07,14662.6,0.995944,0,0,"1	0	0	0	4	0	1	0	0	1	0	0	1	0	0	4	0	0	0	1	0	0	0	1	0	1	0	0	0	1	1	0	0	0	0	4	"
rrap_ns12_nh3_m2_seed2,11,12,3,2,497,789,626,178,618,369,[Q-TREE],34461,232,2599,109314,8.10E+06,14562.3,0.954043,0,0,"1	0	0	3	0	0	1	0	0	1	0	0	1	0	0	0	0	2	1	0	0	0	1	0	0	1	0	0	1	0	0	0	1	3	0	0	"
rrap_ns12_nh3_m2_seed3,11,12,3,2,497,789,626,178,618,369,[Q-TREE],40903,265,2632,131993,952740,1274.58,0.978583,0,0,"0	0	1	0	3	0	1	0	0	0	1	0	0	0	1	2	1	0	0	0	1	0	0	1	1	0	0	1	0	0	0	1	0	0	3	0	"
rrap_ns12_nh3_m2_seed4,11,12,3,2,497,789,626,178,618,369,[Q-TREE],40191,273,2640,129533,3.25E+06,5770.07,0.973182,0,0,"1	0	0	1	0	2	0	1	0	0	1	0	1	0	0	2	0	0	0	2	0	1	0	0	1	0	0	0	1	0	0	3	0	0	2	0	"
rrap_ns12_nh4_m2_seed1,11,12,4,2,497,789,626,178,618,369,[Q-TREE],44529,302,3458,141208,2.11E+06,4724.91,0.97119,0,0,"0	0	1	0	0	0	0	3	1	0	0	0	0	0	1	0	1	0	0	0	3	0	0	0	0	1	0	0	0	0	1	0	0	1	0	0	0	0	1	0	1	0	0	0	0	0	0	3	"
rrap_ns12_nh4_m2_seed2,11,12,4,2,497,789,626,178,618,369,[Q-TREE],54621,378,3534,176834,6.03E+06,13681,0.994394,0,0,"0	0	1	0	1	3	0	0	0	1	0	0	0	1	0	0	0	1	0	0	2	1	0	0	1	0	0	0	0	0	1	0	1	0	0	0	1	0	0	0	1	0	0	0	0	0	0	4	"
rrap_ns12_nh4_m2_seed3,11,12,4,2,497,789,626,178,618,369,[Q-TREE],40357,277,3433,126506,2.33E+06,4398.54,0.956245,0,0,"1	0	0	0	0	0	2	0	1	0	0	0	0	0	1	0	0	0	0	1	0	0	3	0	0	1	0	0	0	0	1	0	0	1	0	0	0	0	0	1	0	0	0	1	0	0	3	0	"
rrap_ns12_nh4_m2_seed4,11,12,4,2,497,789,626,178,618,369,[Q-TREE],38825,264,3420,121092,97979,230.367,0.967201,0,0,"0	0	1	0	0	2	0	0	0	0	1	0	0	0	1	0	1	0	0	0	3	0	0	0	0	0	1	0	0	0	1	0	0	0	1	0	0	0	1	0	0	0	1	0	0	3	0	0	"
rrap_ns12_nh2_m2_seed1,11,12,2,2,497,789,626,178,618,369,[Q-OB-TREE],30049,258,1510,99640,653850,781.064,0.993875,0,0,"1	0	1	3	0	1	1	0	0	1	6	0	0	1	1	0	1	0	1	0	1	0	3	2	"
rrap_ns12_nh2_m2_seed2,11,12,2,2,497,789,626,178,618,369,[Q-OB-TREE],18171,159,1411,57671,15025,22.7151,0.989429,0,0,"1	0	0	4	0	1	1	0	1	0	0	3	0	1	0	1	1	0	0	1	0	1	0	3	"
rrap_ns12_nh2_m2_seed3,11,12,2,2,497,789,626,178,618,369,[Q-OB-TREE],18597,164,1416,59182,112996,193.926,0.932896,0,0,"0	1	0	3	0	1	0	1	1	0	0	2	0	1	0	1	1	0	1	0	0	2	3	0	"
rrap_ns12_nh2_m2_seed4,11,12,2,2,497,789,626,178,618,369,[Q-OB-TREE],19293,161,1413,61606,86975,122.384,0.963586,0,0,"0	2	1	1	1	0	1	0	1	0	0	3	1	0	1	0	0	1	1	0	1	0	4	0	"
rrap_ns12_nh3_m2_seed1,11,12,3,2,497,789,626,178,618,369,[Q-OB-TREE],38240,337,2215,125686,4.43E+06,5510.01,0.995922,0,0,"1	0	0	0	4	0	1	0	0	1	0	0	1	0	0	4	0	0	0	1	0	0	0	1	0	1	0	0	0	1	1	0	0	0	0	4	"
rrap_ns12_nh3_m2_seed2,11,12,3,2,497,789,626,178,618,369,[Q-OB-TREE],27076,232,2110,86240,3.50E+06,6759.27,0.953964,0,0,"1	0	0	3	0	0	1	0	0	1	0	0	1	0	0	0	0	2	1	0	0	0	1	0	0	1	0	0	1	0	0	0	1	3	0	0	"
rrap_ns12_nh3_m2_seed3,11,12,3,2,497,789,626,178,618,369,[Q-OB-TREE],31590,265,2143,102171,1.06E+06,1650.91,0.978606,0,0,"0	0	1	0	3	0	1	0	0	0	1	0	0	0	1	2	1	0	0	0	1	0	0	1	1	0	0	1	0	0	0	1	0	0	3	0	"
rrap_ns12_nh3_m2_seed4,11,12,3,2,497,789,626,178,618,369,[Q-OB-TREE],31618,273,2151,102301,7.30E+06,9777.49,0.973187,0,0,"1	0	0	1	0	2	0	1	0	0	1	0	1	0	0	2	0	0	0	2	0	1	0	0	1	0	0	0	1	0	0	3	0	0	2	0	"
rrap_ns12_nh4_m2_seed1,11,12,4,2,497,789,626,178,618,369,[Q-OB-TREE],34893,302,2806,110989,3.16E+06,6598.43,0.971188,0,0,"0	0	1	0	0	0	0	3	1	0	0	0	0	0	1	0	1	0	0	0	3	0	0	0	0	1	0	0	0	0	1	0	0	1	0	0	0	0	1	0	1	0	0	0	0	0	0	3	"
rrap_ns12_nh4_m2_seed2,11,12,4,2,497,789,626,178,618,369,[Q-OB-TREE],42471,378,2882,137816,6.83E+06,12892.7,0.994299,0,0,"0	0	1	0	1	3	0	0	0	1	0	0	0	1	0	0	0	1	0	0	2	1	0	0	1	0	0	0	0	0	1	0	1	0	0	0	1	0	0	0	1	0	0	0	0	0	0	4	"
rrap_ns12_nh4_m2_seed3,11,12,4,2,497,789,626,178,618,369,[Q-OB-TREE],32693,277,2781,103189,1.44E+06,3628.38,0.956186,0,0,"1	0	0	0	0	0	2	0	1	0	0	0	0	0	1	0	0	0	0	1	0	0	3	0	0	1	0	0	0	0	1	0	0	1	0	0	0	0	0	1	0	0	0	1	0	0	3	0	"
rrap_ns12_nh4_m2_seed4,11,12,4,2,497,789,626,178,618,369,[Q-OB-TREE],30557,264,2768,95661,51219,116.149,0.967236,0,0,"0	0	1	0	0	2	0	0	0	0	1	0	0	0	1	0	1	0	0	0	3	0	0	0	0	0	1	0	0	0	1	0	0	0	1	0	0	0	1	0	0	0	1	0	0	3	0	0	"
rrap_ns12_nh2_m2_seed1,11,12,2,2,497,789,626,178,618,369,[BASIC],81466,258,4602,246160,2.85E+07,64964.6,0.993743,0,0,"1	0	1	3	0	1	1	0	0	1	6	0	0	1	1	0	1	0	1	0	1	0	3	2	"
rrap_ns12_nh2_m2_seed2,11,12,2,2,497,789,626,178,618,369,[BASIC],61831,159,4503,172782,357964,723.803,0.989418,0,0,"1	0	0	4	0	1	1	0	1	0	0	3	0	1	0	1	1	0	0	1	0	1	0	3	"
rrap_ns12_nh2_m2_seed3,11,12,2,2,497,789,626,178,618,369,[BASIC],61529,164,4508,175621,1.64E+06,3781.06,0.932834,0,0,"0	1	0	3	0	1	0	1	1	0	0	2	0	1	0	1	1	0	1	0	0	2	3	0	"
rrap_ns12_nh2_m2_seed4,11,12,2,2,497,789,626,178,618,369,[BASIC],62984,161,4505,175999,1.59E+06,3963.9,0.96346,0,0,"0	2	1	1	1	0	1	0	1	0	0	3	1	0	1	0	0	1	1	0	1	0	4	0	"
rrap_ns12_nh3_m2_seed1,11,12,3,2,497,789,626,178,618,369,[BASIC],106512,337,6129,322369,1.98E+07,86411.8,0.995525,1,0.147249,"1	0	0	0	5	0	1	0	0	1	0	0	0	1	0	3	0	0	0	1	0	0	0	1	0	0	1	0	0	1	1	0	0	0	0	4	"
rrap_ns12_nh3_m2_seed2,11,12,3,2,497,789,626,178,618,369,[BASIC],80904,232,6024,232572,1.96E+07,86405.9,0.953877,1,0.0848548,"1	0	0	3	0	0	1	0	0	1	0	0	1	0	0	0	0	2	1	0	0	0	1	0	0	1	0	0	1	0	0	0	1	3	0	0	"
rrap_ns12_nh3_m2_seed3,11,12,3,2,497,789,626,178,618,369,[BASIC],89152,265,6057,260104,1.50E+07,39552,0.97849,0,0,"0	0	1	0	3	0	1	0	0	0	1	0	0	0	1	2	1	0	0	0	1	0	0	1	1	0	0	1	0	0	0	1	0	0	3	0	"
rrap_ns12_nh3_m2_seed4,11,12,3,2,497,789,626,178,618,369,[BASIC],88025,273,6065,260305,2.20E+07,86407,0.972989,1,0.0896209,"1	0	0	1	0	2	0	1	0	0	1	0	1	0	0	2	0	0	0	2	0	1	0	0	1	0	0	0	1	0	0	3	0	0	2	0	"
rrap_ns12_nh4_m2_seed1,11,12,4,2,497,789,626,178,618,369,[BASIC],98788,302,7542,288811,1.43E+07,86407.2,0.971024,1,0.067132,"0	0	1	0	0	0	0	3	1	0	0	0	0	0	1	0	1	0	0	0	3	0	0	0	0	1	0	0	0	0	1	0	0	1	0	0	0	0	1	0	1	0	0	0	0	0	0	3	"
rrap_ns12_nh4_m2_seed2,11,12,4,2,497,789,626,178,618,369,[BASIC],118304,378,7618,355248,1.37E+07,86407.8,0.993816,1,0.165989,"0	0	1	0	0	4	0	0	1	0	0	0	1	0	0	0	0	0	0	1	3	0	0	0	1	0	0	0	0	0	1	0	1	0	0	0	1	0	0	0	1	0	0	0	0	0	0	4	"
rrap_ns12_nh4_m2_seed3,11,12,4,2,497,789,626,178,618,369,[BASIC],93468,277,7517,269211,1.32E+07,67555.3,0.956089,0,0,"1	0	0	0	0	0	2	0	1	0	0	0	0	0	1	0	0	0	0	1	0	0	3	0	0	1	0	0	0	0	1	0	0	1	0	0	0	0	0	1	0	0	0	1	0	0	3	0	"
rrap_ns12_nh4_m2_seed4,11,12,4,2,497,789,626,178,618,369,[BASIC],90368,264,7504,259735,752097,2242.35,0.967128,0,0,"0	0	1	0	0	2	0	0	0	0	1	0	0	0	1	0	1	0	0	0	3	0	0	0	0	0	1	0	0	0	1	0	0	0	1	0	0	0	1	0	0	0	1	0	0	3	0	0	"
rrap_ns12_nh2_m2_seed1,11,12,2,2,497,789,626,178,618,369,[TREE],29942,258,2112,99270,3.71E+07,33679.7,0.993753,0,0,"1	0	1	3	0	1	1	0	0	1	6	0	0	1	1	0	1	0	1	0	1	0	3	2	"
rrap_ns12_nh2_m2_seed2,11,12,2,2,497,789,626,178,618,369,[TREE],18096,159,2013,57413,202293,329.255,0.989408,0,0,"1	0	0	4	0	1	1	0	1	0	0	3	0	1	0	1	1	0	0	1	0	1	0	3	"
rrap_ns12_nh2_m2_seed3,11,12,2,2,497,789,626,178,618,369,[TREE],18780,164,2018,59827,766456,909.214,0.932833,0,0,"0	1	0	3	0	1	0	1	1	0	0	2	0	1	0	1	1	0	1	0	0	2	3	0	"
rrap_ns12_nh2_m2_seed4,11,12,2,2,497,789,626,178,618,369,[TREE],19662,161,2015,62902,1.16E+06,1220,0.963463,0,0,"0	2	1	1	1	0	1	0	1	0	0	3	1	0	1	0	0	1	1	0	1	0	4	0	"
rrap_ns12_nh3_m2_seed1,11,12,3,2,497,789,626,178,618,369,[TREE],36621,337,2809,120108,5.39E+07,86420.2,0.995541,1,0.074915,"1	0	0	0	5	0	1	0	0	1	0	0	0	1	0	3	0	0	0	1	0	0	0	1	0	0	1	0	0	1	1	0	0	0	0	4	"
rrap_ns12_nh3_m2_seed2,11,12,3,2,497,789,626,178,618,369,[TREE],26999,232,2704,86011,2.10E+07,36579.2,0.953874,0,0,"1	0	0	3	0	0	1	0	0	1	0	0	1	0	0	0	0	2	1	0	0	0	1	0	0	1	0	0	1	0	0	0	1	3	0	0	"
rrap_ns12_nh3_m2_seed3,11,12,3,2,497,789,626,178,618,369,[TREE],30477,265,2737,98316,1.89E+07,27836.9,0.978516,0,0,"0	0	1	0	3	0	1	0	0	0	1	0	0	0	1	2	1	0	0	0	1	0	0	1	1	0	0	1	0	0	0	1	0	0	3	0	"
rrap_ns12_nh3_m2_seed4,11,12,3,2,497,789,626,178,618,369,[TREE],30651,273,2745,98957,2.69E+07,33895.7,0.973006,0,0,"1	0	0	1	0	2	0	1	0	0	1	0	1	0	0	2	0	0	0	2	0	1	0	0	1	0	0	0	1	0	0	3	0	0	2	0	"
rrap_ns12_nh4_m2_seed1,11,12,4,2,497,789,626,178,618,369,[TREE],33964,302,3392,107814,1.90E+07,41934.1,0.971035,0,0,"0	0	1	0	0	0	0	3	1	0	0	0	0	0	1	0	1	0	0	0	3	0	0	0	0	1	0	0	0	0	1	0	0	1	0	0	0	0	1	0	1	0	0	0	0	0	0	3	"
rrap_ns12_nh4_m2_seed2,11,12,4,2,497,789,626,178,618,369,[TREE],41444,378,3468,134298,3.41E+07,86413.4,0.993961,1,0.213474,"0	0	1	0	3	0	0	0	1	0	0	0	1	0	0	0	0	1	0	0	3	0	0	0	1	0	0	0	0	0	0	1	1	0	0	0	1	0	0	0	1	0	0	0	0	0	0	4	"
rrap_ns12_nh4_m2_seed3,11,12,4,2,497,789,626,178,618,369,[TREE],30408,277,3367,95268,7.05E+06,18863.6,0.956078,0,0,"1	0	0	0	0	0	2	0	1	0	0	0	0	0	1	0	0	0	0	1	0	0	3	0	0	1	0	0	0	0	1	0	0	1	0	0	0	0	0	1	0	0	0	1	0	0	3	0	"
rrap_ns12_nh4_m2_seed4,11,12,4,2,497,789,626,178,618,369,[TREE],30688,264,3354,96196,508226,1061.11,0.967125,0,0,"0	0	1	0	0	2	0	0	0	0	1	0	0	0	1	0	1	0	0	0	3	0	0	0	0	0	1	0	0	0	1	0	0	0	1	0	0	0	1	0	0	0	1	0	0	3	0	0	"
rrap_ns12_nh2_m2_seed1,11,12,2,2,497,789,626,178,618,369,[OB-TREE],17424,258,1365,58150,2.63E+07,20456.7,0.993739,0,0,"1	0	1	3	0	1	1	0	0	1	6	0	0	1	1	0	1	0	1	0	1	0	3	2	"
rrap_ns12_nh2_m2_seed2,11,12,2,2,497,789,626,178,618,369,[OB-TREE],10920,159,1266,34990,240594,278.337,0.989414,0,0,"1	0	0	4	0	1	1	0	1	0	0	3	0	1	0	1	1	0	0	1	0	1	0	3	"
rrap_ns12_nh2_m2_seed3,11,12,2,2,497,789,626,178,618,369,[OB-TREE],11102,164,1271,35647,1.12E+06,982.516,0.932834,0,0,"0	1	0	3	0	1	0	1	1	0	0	2	0	1	0	1	1	0	1	0	0	2	3	0	"
rrap_ns12_nh2_m2_seed4,11,12,2,2,497,789,626,178,618,369,[OB-TREE],11046,161,1268,35439,1.04E+06,1030.51,0.963476,0,0,"0	2	1	1	1	0	1	0	1	0	0	3	1	0	1	0	0	1	1	0	1	0	4	0	"
rrap_ns12_nh3_m2_seed1,11,12,3,2,497,789,626,178,618,369,[OB-TREE],22036,337,1813,72874,7.69E+07,86426.6,0.99577,1,0.0353671,"1	0	0	0	4	0	1	0	0	1	0	0	1	0	0	4	0	0	0	1	0	0	0	1	0	1	0	0	0	1	1	0	0	0	0	4	"
rrap_ns12_nh3_m2_seed2,11,12,3,2,497,789,626,178,618,369,[OB-TREE],15832,232,1708,50740,2.79E+07,44802.8,0.953872,0,0,"1	0	0	3	0	0	1	0	0	1	0	0	1	0	0	0	0	2	1	0	0	0	1	0	0	1	0	0	1	0	0	0	1	3	0	0	"
rrap_ns12_nh3_m2_seed3,11,12,3,2,497,789,626,178,618,369,[OB-TREE],18518,265,1741,60273,1.56E+07,20088.9,0.978497,0,0,"0	0	1	0	3	0	1	0	0	0	1	0	0	0	1	2	1	0	0	0	1	0	0	1	1	0	0	1	0	0	0	1	0	0	3	0	"
rrap_ns12_nh3_m2_seed4,11,12,3,2,497,789,626,178,618,369,[OB-TREE],18726,273,1749,61033,4.87E+07,81489.8,0.972985,0,0,"1	0	0	1	0	2	0	1	0	0	1	0	1	0	0	2	0	0	0	2	0	1	0	0	1	0	0	0	1	0	0	3	0	0	2	0	"
rrap_ns12_nh4_m2_seed1,11,12,4,2,497,789,626,178,618,369,[OB-TREE],21062,302,2147,67591,3.07E+07,63268,0.971017,0,0,"0	0	1	0	0	0	0	3	1	0	0	0	0	0	1	0	1	0	0	0	3	0	0	0	0	1	0	0	0	0	1	0	0	1	0	0	0	0	1	0	1	0	0	0	0	0	0	3	"
rrap_ns12_nh4_m2_seed2,11,12,4,2,497,789,626,178,618,369,[OB-TREE],25570,378,2223,83673,4.98E+07,86425.2,0.993937,1,0.105278,"0	0	1	0	3	0	0	0	1	0	0	0	1	0	0	0	0	1	0	0	3	0	0	0	1	0	0	0	0	0	0	1	1	0	0	0	1	0	0	0	1	0	0	0	0	0	0	4	"
rrap_ns12_nh4_m2_seed3,11,12,4,2,497,789,626,178,618,369,[OB-TREE],19188,277,2122,60932,2.01E+07,37013,0.95609,0,0,"1	0	0	0	0	0	2	0	1	0	0	0	0	0	1	0	0	0	0	1	0	0	3	0	0	1	0	0	0	0	1	0	0	1	0	0	0	0	0	1	0	0	0	1	0	0	3	0	"
rrap_ns12_nh4_m2_seed4,11,12,4,2,497,789,626,178,618,369,[OB-TREE],18098,264,2109,57065,458472,762.595,0.967123,0,0,"0	0	1	0	0	2	0	0	0	0	1	0	0	0	1	0	1	0	0	0	3	0	0	0	0	0	1	0	0	0	1	0	0	0	1	0	0	0	1	0	0	0	1	0	0	3	0	0	"
rrap_ns12_nh2_m2_seed1,12,12,2,2,1053,1734,1240,103,264,192,[Q-TREE],86374,258,3726,284947,1.50E+06,7065.06,0.991771,0,0,"4	0	0	1	0	1	1	0	0	1	4	1	0	1	1	0	1	0	1	0	1	3	1	0	"
rrap_ns12_nh2_m2_seed2,12,12,2,2,1053,1734,1240,103,264,192,[Q-TREE],50338,159,3627,158425,99630,458.82,0.947978,0,0,"4	0	0	1	1	0	1	0	0	1	0	2	0	1	0	1	1	0	0	1	1	1	0	2	"
rrap_ns12_nh2_m2_seed3,12,12,2,2,1053,1734,1240,103,264,192,[Q-TREE],52724,164,3632,166796,243358,1032.96,0.903078,0,0,"2	1	0	1	0	1	0	1	1	0	0	2	1	0	0	1	1	0	1	0	0	3	1	0	"
rrap_ns12_nh2_m2_seed4,12,12,2,2,1053,1734,1240,103,264,192,[Q-TREE],54596,161,3629,173336,309659,1917.12,0.94856,0,0,"0	3	1	0	1	0	1	0	1	0	1	2	1	0	1	0	0	1	1	0	3	0	1	0	"
rrap_ns12_nh3_m2_seed1,12,12,3,2,1053,1734,1240,103,264,192,[Q-TREE],108401,337,5539,354397,8.62E+06,58279.8,0.991885,0,0,"2	0	3	0	1	0	1	0	0	1	0	0	1	0	0	3	0	0	0	1	0	0	0	1	0	0	1	0	0	1	3	0	0	0	0	2	"
rrap_ns12_nh3_m2_seed2,12,12,3,2,1053,1734,1240,103,264,192,[Q-TREE],75603,232,5434,239268,6.76E+06,61366.7,0.942358,0,0,"3	0	0	1	0	0	0	1	0	1	0	0	0	1	0	0	0	2	1	0	0	0	1	0	0	1	0	0	1	0	0	0	2	1	0	0	"
rrap_ns12_nh3_m2_seed3,12,12,3,2,1053,1734,1240,103,264,192,[Q-TREE],89281,265,5467,287273,2.19E+06,12582.6,0.983217,0,0,"0	0	3	0	1	0	0	0	1	0	1	0	0	0	1	0	3	0	0	0	1	0	0	1	1	0	0	1	0	0	0	0	4	0	1	0	"
rrap_ns12_nh3_m2_seed4,12,12,3,2,1053,1734,1240,103,264,192,[Q-TREE],88125,273,5475,283259,4.36E+06,36153.2,0.978809,0,0,"3	0	1	1	0	0	0	1	0	0	0	1	0	1	0	3	0	0	0	1	0	1	0	0	1	0	0	0	1	0	0	4	0	1	0	0	"
rrap_ns12_nh4_m2_seed1,12,12,4,2,1053,1734,1240,103,264,192,[Q-TREE],97420,302,7238,308031,8.15E+06,52383.7,0.942392,0,0,"0	0	3	0	0	0	0	1	0	0	0	1	0	0	1	0	1	0	0	0	2	0	1	0	0	1	0	0	0	0	1	0	0	1	0	0	0	0	0	1	2	0	0	0	0	0	0	1	"
rrap_ns12_nh4_m2_seed2,12,12,4,2,1053,1734,1240,103,264,192,[Q-TREE],118954,378,7314,383704,1.27E+07,71411.6,0.993124,0,0,"0	0	4	0	0	1	0	0	0	1	0	0	1	0	0	0	0	1	0	0	3	0	0	0	1	0	0	0	0	0	1	0	1	0	0	0	1	0	0	0	3	0	0	0	0	0	0	1	"
rrap_ns12_nh4_m2_seed3,12,12,4,2,1053,1734,1240,103,264,192,[Q-TREE],88202,277,7213,275668,1.16E+06,15378.2,0.948263,0,0,"3	0	0	0	0	1	0	0	1	0	0	0	0	0	1	0	0	0	0	1	0	0	3	0	0	1	0	0	0	0	1	0	0	1	0	0	0	0	0	1	0	1	0	2	0	0	1	0	"
rrap_ns12_nh4_m2_seed4,12,12,4,2,1053,1734,1240,103,264,192,[Q-TREE],85406,264,7200,265830,173338,1460.27,0.952344,0,0,"0	0	2	0	0	1	0	0	0	0	1	0	0	0	1	0	1	0	0	0	3	0	0	0	0	0	1	0	0	1	0	0	1	0	0	0	0	0	1	0	0	0	2	0	0	1	0	0	"
rrap_ns12_nh2_m2_seed1,12,12,2,2,1053,1734,1240,103,264,192,[Q-OB-TREE],59884,258,2738,198538,501564,1610.56,0.991434,0,0,"4	0	0	1	0	1	1	0	0	1	4	1	0	1	1	0	1	0	1	0	1	3	1	0	"
rrap_ns12_nh2_m2_seed2,12,12,2,2,1053,1734,1240,103,264,192,[Q-OB-TREE],35914,159,2639,114247,55016,322.134,0.947899,0,0,"4	0	0	1	1	0	1	0	0	1	0	2	0	1	0	1	1	0	0	1	1	1	0	2	"
rrap_ns12_nh2_m2_seed3,12,12,2,2,1053,1734,1240,103,264,192,[Q-OB-TREE],37564,164,2644,120042,203490,830.865,0.903092,0,0,"2	1	0	1	0	1	0	1	1	0	0	2	1	0	0	1	1	0	1	0	0	3	1	0	"
rrap_ns12_nh2_m2_seed4,12,12,2,2,1053,1734,1240,103,264,192,[Q-OB-TREE],36854,161,2641,117545,55156,280.276,0.948642,0,0,"0	3	1	0	1	0	1	0	1	0	1	2	1	0	1	0	0	1	1	0	3	0	1	0	"
rrap_ns12_nh3_m2_seed1,12,12,3,2,1053,1734,1240,103,264,192,[Q-OB-TREE],75131,337,4057,246492,3.01E+06,12032.6,0.992107,0,0,"0	0	6	0	1	0	1	0	0	0	1	0	1	0	0	3	0	0	0	1	0	0	0	1	0	1	0	0	0	1	3	0	0	0	0	2	"
rrap_ns12_nh3_m2_seed2,12,12,3,2,1053,1734,1240,103,264,192,[Q-OB-TREE],52655,232,3952,167479,2.59E+06,23185.9,0.942351,0,0,"3	0	0	1	0	0	0	1	0	1	0	0	0	1	0	0	0	2	1	0	0	0	1	0	0	1	0	0	1	0	0	0	2	1	0	0	"
rrap_ns12_nh3_m2_seed3,12,12,3,2,1053,1734,1240,103,264,192,[Q-OB-TREE],61389,265,3985,198180,433254,1398.85,0.983073,0,0,"0	0	3	0	1	0	0	0	1	0	1	0	0	0	1	0	3	0	0	0	1	0	0	1	1	0	0	1	0	0	0	0	4	0	1	0	"
rrap_ns12_nh3_m2_seed4,12,12,3,2,1053,1734,1240,103,264,192,[Q-OB-TREE],60297,273,3993,194390,4.39E+06,20743.7,0.978786,0,0,"3	0	1	1	0	0	0	1	0	0	0	1	1	0	0	3	0	0	0	1	0	1	0	0	1	0	0	0	1	0	0	4	0	1	0	0	"
rrap_ns12_nh4_m2_seed1,12,12,4,2,1053,1734,1240,103,264,192,[Q-OB-TREE],69962,302,5262,222680,3.29E+06,19218.7,0.942378,0,0,"0	0	3	0	0	0	0	1	0	0	0	1	0	0	1	0	1	0	0	0	2	0	1	0	0	1	0	0	0	0	1	0	0	1	0	0	0	0	0	1	2	0	0	0	0	0	0	1	"
rrap_ns12_nh4_m2_seed2,12,12,4,2,1053,1734,1240,103,264,192,[Q-OB-TREE],84436,378,5338,273643,1.08E+07,51017.6,0.993087,0,0,"0	0	4	0	0	1	0	0	0	1	0	0	1	0	0	0	0	1	0	0	3	0	0	0	1	0	0	0	0	0	1	0	1	0	0	0	1	0	0	0	3	0	0	0	0	0	0	1	"
rrap_ns12_nh4_m2_seed3,12,12,4,2,1053,1734,1240,103,264,192,[Q-OB-TREE],61318,277,5237,192326,1.19E+06,6565.72,0.948212,0,0,"3	0	0	0	0	1	0	0	1	0	0	0	0	0	1	0	0	0	0	1	0	0	3	0	0	1	0	0	0	0	1	0	0	1	0	0	0	0	0	1	0	1	0	2	0	0	1	0	"
rrap_ns12_nh4_m2_seed4,12,12,4,2,1053,1734,1240,103,264,192,[Q-OB-TREE],60488,264,5224,189369,81818,651.748,0.952338,0,0,"0	0	2	0	0	1	0	0	0	0	1	0	0	0	1	0	1	0	0	0	3	0	0	0	0	0	1	0	0	1	0	0	1	0	0	0	0	0	1	0	0	0	2	0	0	1	0	0	"
rrap_ns12_nh2_m2_seed1,12,12,2,2,1053,1734,1240,103,264,192,[BASIC],44920,258,2637,136469,3.00E+07,37971.8,0.991376,0,0,"4	0	0	1	0	1	1	0	1	0	6	0	0	1	1	0	1	0	1	0	3	1	1	0	"
rrap_ns12_nh2_m2_seed2,12,12,2,2,1053,1734,1240,103,264,192,[BASIC],32695,159,2538,92550,246348,400.964,0.947777,0,0,"4	0	0	1	1	0	1	0	0	1	0	2	0	1	0	1	1	0	0	1	1	1	0	2	"
rrap_ns12_nh2_m2_seed3,12,12,2,2,1053,1734,1240,103,264,192,[BASIC],33000,164,2543,94201,1.32E+06,1895.46,0.902993,0,0,"2	1	0	1	0	1	0	1	1	0	0	2	1	0	0	1	1	0	1	0	0	3	1	0	"
rrap_ns12_nh2_m2_seed4,12,12,2,2,1053,1734,1240,103,264,192,[BASIC],33015,161,2540,93922,1.01E+06,1473.6,0.948479,0,0,"0	3	1	0	1	0	1	0	1	0	1	2	1	0	1	0	0	1	1	0	3	0	1	0	"
rrap_ns12_nh3_m2_seed1,12,12,3,2,1053,1734,1240,103,264,192,[BASIC],58043,337,3509,177021,5.56E+07,86424.9,0.991473,1,0.304827,"2	0	3	0	1	0	1	0	0	1	0	0	1	0	0	3	0	0	0	1	0	0	0	1	0	0	1	0	0	1	3	0	0	0	0	2	"
rrap_ns12_nh3_m2_seed2,12,12,3,2,1053,1734,1240,103,264,192,[BASIC],43790,232,3404,127251,2.26E+07,42435.3,0.94221,0,0,"3	0	0	1	0	0	0	1	0	1	0	0	0	1	0	0	0	2	1	0	0	0	1	0	0	1	0	0	1	0	0	0	2	1	0	0	"
rrap_ns12_nh3_m2_seed3,12,12,3,2,1053,1734,1240,103,264,192,[BASIC],47275,265,3437,140231,6.12E+06,5504.88,0.982897,0,0,"0	0	3	0	1	0	0	0	1	0	1	0	0	0	1	0	3	0	0	0	1	0	0	1	1	0	0	1	0	0	0	0	4	0	1	0	"
rrap_ns12_nh3_m2_seed4,12,12,3,2,1053,1734,1240,103,264,192,[BASIC],49177,273,3445,145987,4.59E+07,86418.7,0.978439,1,0.496957,"3	0	1	1	0	0	0	1	0	0	0	1	1	0	0	3	0	0	0	1	0	1	0	0	1	0	0	0	1	0	0	4	0	1	0	0	"
rrap_ns12_nh4_m2_seed1,12,12,4,2,1053,1734,1240,103,264,192,[BASIC],54317,302,4267,159268,5.12E+07,86405,0.942203,1,0.108945,"0	0	3	0	0	0	0	1	0	0	0	1	0	0	1	0	1	0	0	0	2	0	1	0	0	1	0	0	0	0	1	0	0	1	0	0	0	0	0	1	2	0	0	0	0	0	0	1	"
rrap_ns12_nh4_m2_seed2,12,12,4,2,1053,1734,1240,103,264,192,[BASIC],62394,378,4343,190606,2.34E+07,86414.7,0.992775,1,0.475119,"0	0	4	0	0	1	0	0	0	1	0	0	1	0	0	0	0	1	0	0	3	0	0	0	1	0	0	0	0	0	1	0	1	0	0	0	1	0	0	0	3	0	0	0	0	0	0	1	"
rrap_ns12_nh4_m2_seed3,12,12,4,2,1053,1734,1240,103,264,192,[BASIC],51488,277,4242,149059,9.32E+06,15432.8,0.948062,0,0,"3	0	0	0	0	1	0	0	1	0	0	0	0	0	1	0	0	0	0	1	0	0	3	0	0	1	0	0	0	0	1	0	0	1	0	0	0	0	0	1	0	1	0	2	0	0	1	0	"
rrap_ns12_nh4_m2_seed4,12,12,4,2,1053,1734,1240,103,264,192,[BASIC],49004,264,4229,141982,505943,615.944,0.952201,0,0,"0	0	2	0	0	1	0	0	0	0	1	0	0	0	1	0	1	0	0	0	3	0	0	0	0	0	1	0	0	1	0	0	1	0	0	0	0	0	1	0	0	0	2	0	0	1	0	0	"
rrap_ns12_nh2_m2_seed1,12,12,2,2,1053,1734,1240,103,264,192,[TREE],12895,258,1050,43249,4.45E+07,15889.9,0.99137,0,0,"4	0	0	1	0	1	1	0	0	1	4	1	0	1	1	0	1	0	1	0	1	3	1	0	"
rrap_ns12_nh2_m2_seed2,12,12,2,2,1053,1734,1240,103,264,192,[TREE],7705,159,951,24688,431902,243.418,0.947777,0,0,"4	0	0	1	1	0	1	0	0	1	0	2	0	1	0	1	1	0	0	1	1	1	0	2	"
rrap_ns12_nh2_m2_seed3,12,12,2,2,1053,1734,1240,103,264,192,[TREE],8061,164,956,25954,1.17E+06,508.196,0.902991,0,0,"2	1	0	1	0	1	0	1	1	0	0	2	1	0	0	1	1	0	1	0	0	3	1	0	"
rrap_ns12_nh2_m2_seed4,12,12,2,2,1053,1734,1240,103,264,192,[TREE],8483,161,953,27419,1.71E+06,632.215,0.948478,0,0,"0	3	1	0	1	0	1	0	1	0	1	2	1	0	1	0	0	1	1	0	3	0	1	0	"
rrap_ns12_nh3_m2_seed1,12,12,3,2,1053,1734,1240,103,264,192,[TREE],16002,337,1393,53178,1.90E+08,86483.3,0.991287,1,0.237222,"0	0	5	0	1	0	1	0	0	1	0	0	1	0	0	3	0	0	0	1	0	0	0	1	1	0	0	0	0	1	4	0	0	0	0	1	"
rrap_ns12_nh3_m2_seed2,12,12,3,2,1053,1734,1240,103,264,192,[TREE],11574,232,1288,37260,3.43E+07,22356.7,0.942207,0,0,"3	0	0	1	0	0	0	1	0	1	0	0	0	1	0	0	0	2	1	0	0	0	1	0	0	1	0	0	1	0	0	0	2	1	0	0	"
rrap_ns12_nh3_m2_seed3,12,12,3,2,1053,1734,1240,103,264,192,[TREE],13280,265,1321,43363,3.25E+07,13516.9,0.982908,0,0,"0	0	3	0	1	0	0	0	1	0	1	0	0	0	1	0	3	0	0	0	1	0	0	1	1	0	0	1	0	0	0	0	4	0	1	0	"
rrap_ns12_nh3_m2_seed4,12,12,3,2,1053,1734,1240,103,264,192,[TREE],13350,273,1329,43640,6.44E+07,40127.4,0.978429,0,0,"3	0	1	1	0	0	0	1	0	0	0	1	1	0	0	3	0	0	0	1	0	1	0	0	1	0	0	0	1	0	0	4	0	1	0	0	"
rrap_ns12_nh4_m2_seed1,12,12,4,2,1053,1734,1240,103,264,192,[TREE],14667,302,1622,47104,8.15E+07,46331.5,0.942198,0,0,"0	0	3	0	0	0	0	1	0	0	0	1	0	0	1	0	1	0	0	0	2	0	1	0	0	1	0	0	0	0	1	0	0	1	0	0	0	0	0	1	2	0	0	0	0	0	0	1	"
rrap_ns12_nh4_m2_seed2,12,12,4,2,1053,1734,1240,103,264,192,[TREE],17753,378,1698,58209,1.40E+08,86477,0.992785,1,0.298961,"0	0	4	0	0	1	0	0	0	1	0	0	1	0	0	0	0	1	0	0	3	0	0	0	1	0	0	0	0	0	1	0	1	0	0	0	1	0	0	0	3	0	0	0	0	0	0	1	"
rrap_ns12_nh4_m2_seed3,12,12,4,2,1053,1734,1240,103,264,192,[TREE],13391,277,1597,42538,1.30E+07,7833.08,0.948053,0,0,"3	0	0	0	0	1	0	0	1	0	0	0	0	0	1	0	0	0	0	1	0	0	3	0	0	1	0	0	0	0	1	0	0	1	0	0	0	0	0	1	0	1	0	2	0	0	1	0	"
rrap_ns12_nh4_m2_seed4,12,12,4,2,1053,1734,1240,103,264,192,[TREE],13105,264,1584,41485,805894,497.418,0.952203,0,0,"0	0	2	0	0	1	0	0	0	0	1	0	0	0	1	0	1	0	0	0	3	0	0	0	0	0	1	0	0	1	0	0	1	0	0	0	0	0	1	0	0	0	2	0	0	1	0	0	"
rrap_ns12_nh2_m2_seed1,12,12,2,2,1053,1734,1240,103,264,192,[OB-TREE],9215,258,834,31187,8.12E+06,2993.3,0.991365,0,0,"4	0	0	1	0	1	1	0	0	1	4	1	0	1	1	0	1	0	1	0	1	3	1	0	"
rrap_ns12_nh2_m2_seed2,12,12,2,2,1053,1734,1240,103,264,192,[OB-TREE],5713,159,735,18534,151744,114.633,0.947778,0,0,"4	0	0	1	1	0	1	0	0	1	0	2	0	1	0	1	1	0	0	1	1	1	0	2	"
rrap_ns12_nh2_m2_seed3,12,12,2,2,1053,1734,1240,103,264,192,[OB-TREE],5769,164,740,18750,313877,142.137,0.902991,0,0,"2	1	0	1	0	1	0	1	1	0	0	2	1	0	0	1	1	0	1	0	0	3	1	0	"
rrap_ns12_nh2_m2_seed4,12,12,2,2,1053,1734,1240,103,264,192,[OB-TREE],5917,161,737,19256,293216,158.034,0.948482,0,0,"0	3	1	0	1	0	1	0	1	0	1	2	1	0	1	0	0	1	1	0	3	0	1	0	"
rrap_ns12_nh3_m2_seed1,12,12,3,2,1053,1734,1240,103,264,192,[OB-TREE],11416,337,1105,38269,2.93E+07,17099.9,0.991769,0,0,"0	0	6	0	1	0	1	0	0	0	1	0	1	0	0	3	0	0	0	1	0	0	0	1	0	1	0	0	0	1	3	0	0	0	0	2	"
rrap_ns12_nh3_m2_seed2,12,12,3,2,1053,1734,1240,103,264,192,[OB-TREE],8322,232,1000,27020,7.87E+06,5968.87,0.94221,0,0,"3	0	0	1	0	0	0	1	0	1	0	0	0	1	0	0	0	2	1	0	0	0	1	0	0	1	0	0	1	0	0	0	2	1	0	0	"
rrap_ns12_nh3_m2_seed3,12,12,3,2,1053,1734,1240,103,264,192,[OB-TREE],9618,265,1033,31688,7.53E+06,3945.48,0.9829,0,0,"0	0	3	0	1	0	0	0	1	0	1	0	0	0	1	0	3	0	0	0	1	0	0	1	1	0	0	1	0	0	0	0	4	0	1	0	"
rrap_ns12_nh3_m2_seed4,12,12,3,2,1053,1734,1240,103,264,192,[OB-TREE],9876,273,1041,32623,4.19E+07,26170,0.978433,0,0,"3	0	1	1	0	0	0	1	0	0	0	1	0	1	0	3	0	0	0	1	0	1	0	0	1	0	0	0	1	0	0	4	0	1	0	0	"
rrap_ns12_nh4_m2_seed1,12,12,4,2,1053,1734,1240,103,264,192,[OB-TREE],11135,302,1262,36208,1.49E+07,8883.15,0.942198,0,0,"0	0	3	0	0	0	0	1	0	0	0	1	0	0	1	0	1	0	0	0	2	0	1	0	0	1	0	0	0	0	1	0	0	1	0	0	0	0	0	1	2	0	0	0	0	0	0	1	"
rrap_ns12_nh4_m2_seed2,12,12,4,2,1053,1734,1240,103,264,192,[OB-TREE],13063,378,1338,43260,8.56E+07,51630.2,0.992779,0,0,"0	0	4	0	0	1	0	0	0	1	0	0	1	0	0	0	0	1	0	0	3	0	0	0	1	0	0	0	0	0	1	0	1	0	0	0	1	0	0	0	3	0	0	0	0	0	0	1	"
rrap_ns12_nh4_m2_seed3,12,12,4,2,1053,1734,1240,103,264,192,[OB-TREE],9889,277,1237,31747,7.64E+06,4354.12,0.948057,0,0,"3	0	0	0	0	1	0	0	1	0	0	0	0	0	1	0	0	0	0	1	0	0	3	0	0	1	0	0	0	0	1	0	0	1	0	0	0	0	0	1	0	1	0	2	0	0	1	0	"
rrap_ns12_nh4_m2_seed4,12,12,4,2,1053,1734,1240,103,264,192,[OB-TREE],9637,264,1224,30813,386335,231.684,0.952199,0,0,"0	0	2	0	0	1	0	0	0	0	1	0	0	0	1	0	1	0	0	0	3	0	0	0	0	0	1	0	0	1	0	0	1	0	0	0	0	0	1	0	0	0	2	0	0	1	0	0	"
