instance,index_of_system,number_of_subsystems,number_of_component_types,number_of_resource_types,number_of_q_terms,number_of_q_nodes,number_of_q_sorted_nodes,number_of_qr_terms,number_of_qr_nodes,number_of_qr_sorted_nodes,solution_model,number_of_vars,number_of_bin_vars,number_of_cons,number_of_nzs,number_of_bb_nodes,cpu_time,obj,solution
rrap_ns7_nh2_m2_seed1,5,7,2,2,26,51,38,19,53,38,[Q-BASIC],3034,90,338,9030,3166,1.80349,0.979989,"0	1	0	4	0	1	0	1	1	0	0	1	0	3	"
rrap_ns7_nh2_m2_seed2,5,7,2,2,26,51,38,19,53,38,[Q-BASIC],2764,73,321,7836,2656,1.70256,0.971894,"0	1	2	1	1	0	1	0	1	0	1	0	0	4	"
rrap_ns7_nh2_m2_seed3,5,7,2,2,26,51,38,19,53,38,[Q-BASIC],2655,70,318,7486,2266,0.867538,0.965982,"1	0	5	0	0	1	0	1	0	1	1	0	2	0	"
rrap_ns7_nh2_m2_seed4,5,7,2,2,26,51,38,19,53,38,[Q-BASIC],2794,73,321,7896,2111,0.434976,0.962525,"0	1	0	4	1	0	1	0	0	1	0	1	1	2	"
rrap_ns7_nh3_m2_seed1,5,7,3,2,26,51,38,19,53,38,[Q-BASIC],3792,118,490,11361,42679,8.5182,0.976296,"0	1	0	0	4	0	0	1	0	0	0	1	1	0	0	0	1	0	3	0	0	"
rrap_ns7_nh3_m2_seed2,5,7,3,2,26,51,38,19,53,38,[Q-BASIC],3943,130,502,12137,46034,9.0966,0.982698,"1	0	0	0	2	1	0	0	1	1	0	0	0	1	0	1	0	0	0	0	5	"
rrap_ns7_nh3_m2_seed3,5,7,3,2,26,51,38,19,53,38,[Q-BASIC],3495,99,471,10059,8014,2.5303,0.965141,"0	0	1	2	0	2	0	1	0	0	1	0	0	0	1	1	0	0	0	3	0	"
rrap_ns7_nh3_m2_seed4,5,7,3,2,26,51,38,19,53,38,[Q-BASIC],3663,113,485,10887,20959,4.57756,0.96807,"0	2	0	3	0	0	0	0	1	0	1	0	1	0	0	0	0	1	0	0	3	"
rrap_ns7_nh4_m2_seed1,5,7,4,2,26,51,38,19,53,38,[Q-BASIC],3927,108,604,10982,7598,3.03448,0.952184,"1	0	0	0	0	3	0	0	0	0	1	0	1	0	0	0	0	0	0	1	1	0	0	0	0	0	3	0	"
rrap_ns7_nh4_m2_seed2,5,7,4,2,26,51,38,19,53,38,[Q-BASIC],3890,106,602,10812,6762,1.58877,0.943446,"0	1	0	0	0	0	0	3	1	0	0	0	0	1	0	0	1	0	0	0	0	0	0	1	1	0	1	0	"
rrap_ns7_nh4_m2_seed3,5,7,4,2,26,51,38,19,53,38,[Q-BASIC],4701,154,650,14282,20589,5.39887,0.96873,"0	0	0	2	2	0	0	0	0	1	0	0	0	0	1	0	0	0	0	1	0	1	0	0	0	0	0	4	"
rrap_ns7_nh4_m2_seed4,5,7,4,2,26,51,38,19,53,38,[Q-BASIC],4262,130,626,12516,13711,3.10164,0.974452,"0	2	0	0	3	0	0	0	1	0	0	0	1	0	0	0	0	0	0	1	0	1	0	0	0	4	0	0	"
rrap_ns7_nh2_m2_seed1,5,7,2,2,26,51,38,19,53,38,[Q-TREE],1484,90,192,4938,6365,2.30713,0.979989,"0	1	0	4	0	1	0	1	1	0	0	1	0	3	"
rrap_ns7_nh2_m2_seed2,5,7,2,2,26,51,38,19,53,38,[Q-TREE],1296,73,175,4212,3198,1.0368,0.971894,"0	1	2	1	1	0	1	0	1	0	1	0	0	4	"
rrap_ns7_nh2_m2_seed3,5,7,2,2,26,51,38,19,53,38,[Q-TREE],1080,70,172,3444,2286,0.758664,0.965982,"1	0	5	0	0	1	0	1	0	1	1	0	2	0"
rrap_ns7_nh2_m2_seed4,5,7,2,2,26,51,38,19,53,38,[Q-TREE],1206,73,175,3897,1626,0.569331,0.962525,"0	1	0	4	1	0	1	0	0	1	0	1	1	2"
rrap_ns7_nh3_m2_seed1,5,7,3,2,26,51,38,19,53,38,[Q-TREE],1893,118,271,6211,58522,8.6854,0.976296,"0	1	0	0	4	0	0	1	0	0	0	1	1	0	0	0	1	0	3	0	0"
rrap_ns7_nh3_m2_seed2,5,7,3,2,26,51,38,19,53,38,[Q-TREE],2137,130,283,7113,107049,16.0406,0.982698,"1	0	0	0	2	1	0	0	1	1	0	0	0	1	0	1	0	0	0	0	5"
rrap_ns7_nh3_m2_seed3,5,7,3,2,26,51,38,19,53,38,[Q-TREE],1639,99,252,5246,7481,1.61982,0.965141,"0	0	1	2	0	2	0	1	0	0	1	0	0	0	1	1	0	0	0	3	0"
rrap_ns7_nh3_m2_seed4,5,7,3,2,26,51,38,19,53,38,[Q-TREE],1849,113,266,6037,28749,3.2233,0.96807,"0	2	0	3	0	0	0	0	1	0	1	0	1	0	0	0	0	1	0	0	3"
rrap_ns7_nh4_m2_seed1,5,7,4,2,26,51,38,19,53,38,[Q-TREE],1922,108,312,6002,6374,1.48027,0.952184,"1	0	0	0	0	3	0	0	0	0	1	0	1	0	0	0	0	0	0	1	1	0	0	0	0	0	3	0"
rrap_ns7_nh4_m2_seed2,5,7,4,2,26,51,38,19,53,38,[Q-TREE],1748,106,310,5385,5873,1.1609,0.943446,"0	1	0	0	0	0	0	3	1	0	0	0	0	1	0	0	1	0	0	0	0	0	0	1	0	1	1	0"
rrap_ns7_nh4_m2_seed3,5,7,4,2,26,51,38,19,53,38,[Q-TREE],2450,154,358,8034,39228,10.4574,0.96873,"0	0	0	2	2	0	0	0	0	1	0	0	0	0	1	0	0	0	0	1	0	1	0	0	0	0	0	4"
rrap_ns7_nh4_m2_seed4,5,7,4,2,26,51,38,19,53,38,[Q-TREE],2128,130,334,6811,27477,7.88742,0.974452,"0	2	0	0	3	0	0	0	1	0	0	0	1	0	0	0	0	0	0	1	0	1	0	0	0	4	0	0	"
rrap_ns7_nh2_m2_seed1,5,7,2,2,26,51,38,19,53,38,[Q-OB-TREE],1087,90,166,3676,3904,1.20396,0.979989,"0	1	0	4	0	1	0	1	1	0	0	1	0	3"
rrap_ns7_nh2_m2_seed2,5,7,2,2,26,51,38,19,53,38,[Q-OB-TREE],909,73,149,2985,2804,0.724883,0.971894,"0	1	2	1	1	0	1	0	1	0	1	0	0	4"
rrap_ns7_nh2_m2_seed3,5,7,2,2,26,51,38,19,53,38,[Q-OB-TREE],837,70,146,2721,1864,0.391192,0.965982,"1	0	5	0	0	1	0	1	0	1	1	0	2	0"
rrap_ns7_nh2_m2_seed4,5,7,2,2,26,51,38,19,53,38,[Q-OB-TREE],883,73,149,2894,846,0.371034,0.962525,"0	1	0	4	1	0	1	0	0	1	0	1	1	2"
rrap_ns7_nh3_m2_seed1,5,7,3,2,26,51,38,19,53,38,[Q-OB-TREE],1413,118,232,4717,35935,5.59623,0.976296,"0	1	0	0	4	0	0	1	0	0	0	1	1	0	0	0	1	0	3	0	0"
rrap_ns7_nh3_m2_seed2,5,7,3,2,26,51,38,19,53,38,[Q-OB-TREE],1577,130,244,5339,99838,12.2223,0.982698,"1	0	0	0	2	1	0	0	1	1	0	0	0	1	0	1	0	0	0	0	5"
rrap_ns7_nh3_m2_seed3,5,7,3,2,26,51,38,19,53,38,[Q-OB-TREE],1175,99,213,3808,10100,1.208,0.965141,"0	0	1	2	0	2	0	1	0	0	1	0	0	0	1	1	0	0	0	3	0"
rrap_ns7_nh3_m2_seed4,5,7,3,2,26,51,38,19,53,38,[Q-OB-TREE],1405,113,227,4669,23937,3.77126,0.96807,"0	2	0	3	0	0	0	0	1	0	1	0	1	0	0	0	0	1	0	0	3"
rrap_ns7_nh4_m2_seed1,5,7,4,2,26,51,38,19,53,38,[Q-OB-TREE],1365,108,260,4297,12109,2.09826,0.952184,"1	0	0	0	0	3	0	0	0	0	1	0	1	0	0	0	0	0	0	1	1	0	0	0	0	0	3	0"
rrap_ns7_nh4_m2_seed2,5,7,4,2,26,51,38,19,53,38,[Q-OB-TREE],1317,106,258,4121,6840,1.02492,0.943446,"0	1	0	0	0	0	0	3	1	0	0	0	0	1	0	0	1	0	0	0	0	0	0	1	0	1	1	0"
rrap_ns7_nh4_m2_seed3,5,7,4,2,26,51,38,19,53,38,[Q-OB-TREE],1909,154,306,6385,23579,5.99046,0.96873,"0	0	0	2	2	0	0	0	0	1	0	0	0	0	1	0	0	0	0	1	0	1	0	0	0	0	0	4"
rrap_ns7_nh4_m2_seed4,5,7,4,2,26,51,38,19,53,38,[Q-OB-TREE],1567,130,282,5092,32340,4.76696,0.974452,"0	2	0	0	3	0	0	0	1	0	0	0	1	0	0	0	0	0	0	1	0	1	0	0	0	4	0	0	"
rrap_ns7_nh2_m2_seed1,5,7,2,2,26,51,38,19,53,38,[BASIC],2490,90,342,7956,23983,3.39864,0.979989,"0	1	0	4	0	1	0	1	1	0	0	1	0	3"
rrap_ns7_nh2_m2_seed2,5,7,2,2,26,51,38,19,53,38,[BASIC],2171,73,325,6709,9560,1.4116,0.971894,"0	1	2	1	1	0	1	0	1	0	1	0	0	4"
rrap_ns7_nh2_m2_seed3,5,7,2,2,26,51,38,19,53,38,[BASIC],1983,70,322,6091,5444,0.78813,0.965982,"1	0	5	0	0	1	0	1	0	1	1	0	2	0"
rrap_ns7_nh2_m2_seed4,5,7,2,2,26,51,38,19,53,38,[BASIC],2165,73,325,6671,3702,1.62566,0.962525,"0	1	0	4	1	0	1	0	0	1	0	1	1	2"
rrap_ns7_nh3_m2_seed1,5,7,3,2,26,51,38,19,53,38,[BASIC],3241,118,454,10272,295635,33.9894,0.976296,"0	1	0	0	4	0	0	1	0	0	0	1	1	0	0	0	1	0	3	0	0"
rrap_ns7_nh3_m2_seed2,5,7,3,2,26,51,38,19,53,38,[BASIC],3518,130,466,11264,389308,45.8208,0.982698,"1	0	0	0	2	1	0	0	1	1	0	0	0	1	0	1	0	0	0	0	5"
rrap_ns7_nh3_m2_seed3,5,7,3,2,26,51,38,19,53,38,[BASIC],2824,99,435,8694,29440,7.89232,0.965141,"0	0	1	2	0	2	0	1	0	0	1	0	0	0	1	1	0	0	0	3	0"
rrap_ns7_nh3_m2_seed4,5,7,3,2,26,51,38,19,53,38,[BASIC],3015,113,449,9495,115768,12.2785,0.96807,"0	2	0	3	0	0	0	0	1	0	1	0	1	0	0	0	0	1	0	0	3"
rrap_ns7_nh4_m2_seed1,5,7,4,2,26,51,38,19,53,38,[BASIC],3241,108,528,9684,17843,3.22309,0.952184,"1	0	0	0	0	3	0	0	0	0	1	0	1	0	0	0	0	0	0	1	1	0	0	0	0	0	3	0"
rrap_ns7_nh4_m2_seed2,5,7,4,2,26,51,38,19,53,38,[BASIC],3068,106,526,9173,29685,7.84319,0.943446,"0	1	0	0	0	0	0	3	1	0	0	0	0	1	0	0	1	0	0	0	0	0	0	1	1	0	1	0"
rrap_ns7_nh4_m2_seed3,5,7,4,2,26,51,38,19,53,38,[BASIC],4100,154,574,12955,210674,33.8981,0.96873,"0	0	0	2	2	0	0	0	0	1	0	0	0	0	1	0	0	0	0	1	0	1	0	0	0	0	0	4"
rrap_ns7_nh4_m2_seed4,5,7,4,2,26,51,38,19,53,38,[BASIC],3653,130,550,11333,96585,18.5032,0.974452,"0	2	0	0	3	0	0	0	1	0	0	0	1	0	0	0	0	0	0	1	0	1	0	0	0	4	0	0	"
rrap_ns7_nh2_m2_seed1,5,7,2,2,26,51,38,19,53,38,[TREE],1564,90,249,5167,17818,3.847,0.979989,"0	1	0	4	0	1	0	1	1	0	0	1	0	3"
rrap_ns7_nh2_m2_seed2,5,7,2,2,26,51,38,19,53,38,[TREE],1348,73,232,4343,7512,1.13848,0.971894,"0	1	2	1	1	0	1	0	1	0	1	0	0	4"
rrap_ns7_nh2_m2_seed3,5,7,2,2,26,51,38,19,53,38,[TREE],1196,70,229,3799,3793,1.15359,0.965982,"1	0	5	0	0	1	0	1	0	1	1	0	2	0"
rrap_ns7_nh2_m2_seed4,5,7,2,2,26,51,38,19,53,38,[TREE],1282,73,232,4112,2825,1.02567,0.962525,"0	1	0	4	1	0	1	0	0	1	0	1	1	2"
rrap_ns7_nh3_m2_seed1,5,7,3,2,26,51,38,19,53,38,[TREE],2015,118,330,6578,131266,15.5422,0.976296,"0	1	0	0	4	0	0	1	0	0	0	1	1	0	0	0	1	0	3	0	0"
rrap_ns7_nh3_m2_seed2,5,7,3,2,26,51,38,19,53,38,[TREE],2205,130,342,7291,257225,31.6375,0.982698,"1	0	0	0	2	1	0	0	1	1	0	0	0	1	0	1	0	0	0	0	5"
rrap_ns7_nh3_m2_seed3,5,7,3,2,26,51,38,19,53,38,[TREE],1721,99,311,5473,18981,2.88147,0.965141,"0	0	1	2	0	2	0	1	0	0	1	0	0	0	1	1	0	0	0	3	0"
rrap_ns7_nh3_m2_seed4,5,7,3,2,26,51,38,19,53,38,[TREE],1911,113,325,6194,53778,8.56229,0.96807,"0	2	0	3	0	0	0	0	1	0	1	0	1	0	0	0	0	1	0	0	3"
rrap_ns7_nh4_m2_seed1,5,7,4,2,26,51,38,19,53,38,[TREE],1984,108,373,6150,29786,7.33553,0.952184,"1	0	0	0	0	3	0	0	0	0	1	0	1	0	0	0	0	0	0	1	1	0	0	0	0	0	3	0"
rrap_ns7_nh4_m2_seed2,5,7,4,2,26,51,38,19,53,38,[TREE],1870,106,371,5743,17907,4.2317,0.943447,"0	1	0	0	0	0	0	3	1	0	0	0	0	1	0	0	1	0	0	0	0	0	0	1	1	0	1	0"
rrap_ns7_nh4_m2_seed3,5,7,4,2,26,51,38,19,53,38,[TREE],2560,154,419,8350,149003,25.282,0.96873,"0	0	0	2	2	0	0	0	0	1	0	0	0	0	1	0	0	0	0	1	0	1	0	0	0	0	0	4"
rrap_ns7_nh4_m2_seed4,5,7,4,2,26,51,38,19,53,38,[TREE],2234,130,395,7113,104531,20.4234,0.974452,"0	2	0	0	3	0	0	0	1	0	0	0	1	0	0	0	0	0	0	1	0	1	0	0	0	4	0	0	"
rrap_ns7_nh2_m2_seed1,5,7,2,2,26,51,38,19,53,38,[OB-TREE],1092,90,204,3687,15871,2.55006,0.979989,"0	1	0	4	0	1	0	1	1	0	0	1	0	3"
rrap_ns7_nh2_m2_seed2,5,7,2,2,26,51,38,19,53,38,[OB-TREE],918,73,187,3010,5485,1.32809,0.971894,"0	1	2	1	1	0	1	0	1	0	1	0	0	4"
rrap_ns7_nh2_m2_seed3,5,7,2,2,26,51,38,19,53,38,[OB-TREE],850,70,184,2760,5928,1.04337,0.965982,"1	0	5	0	0	1	0	1	0	1	1	0	2	0"
rrap_ns7_nh2_m2_seed4,5,7,2,2,26,51,38,19,53,38,[OB-TREE],894,73,187,2926,3394,0.840582,0.962525,"0	1	0	4	1	0	1	0	0	1	0	1	1	2"
rrap_ns7_nh3_m2_seed1,5,7,3,2,26,51,38,19,53,38,[OB-TREE],1434,118,270,4784,183434,19.353,0.976296,"0	1	0	0	4	0	0	1	0	0	0	1	1	0	0	0	1	0	3	0	0"
rrap_ns7_nh3_m2_seed2,5,7,3,2,26,51,38,19,53,38,[OB-TREE],1572,130,282,5315,217250,27.2221,0.982698,"1	0	0	0	2	1	0	0	1	1	0	0	0	1	0	1	0	0	0	0	5"
rrap_ns7_nh3_m2_seed3,5,7,3,2,26,51,38,19,53,38,[OB-TREE],1236,99,251,4015,25010,4.86607,0.965141,"0	0	1	2	0	2	0	1	0	0	1	0	0	0	1	1	0	0	0	3	0"
rrap_ns7_nh3_m2_seed4,5,7,3,2,26,51,38,19,53,38,[OB-TREE],1398,113,265,4638,51795,9.27329,0.96807,"0	2	0	3	0	0	0	0	1	0	1	0	1	0	0	0	0	1	0	0	3"
rrap_ns7_nh4_m2_seed1,5,7,4,2,26,51,38,19,53,38,[OB-TREE],1384,108,298,4357,25916,5.59223,0.952184,"1	0	0	0	0	3	0	0	0	0	1	0	1	0	0	0	0	0	0	1	1	0	0	0	0	0	3	0"
rrap_ns7_nh4_m2_seed2,5,7,4,2,26,51,38,19,53,38,[OB-TREE],1324,106,296,4139,27319,2.80721,0.943446,"0	1	0	0	0	0	0	3	1	0	0	0	0	1	0	0	1	0	0	0	0	0	0	1	0	1	1	0"
rrap_ns7_nh4_m2_seed3,5,7,4,2,26,51,38,19,53,38,[OB-TREE],1830,154,344,6102,104604,20.5119,0.96873,"0	0	0	2	2	0	0	0	0	1	0	0	0	0	1	0	0	0	0	1	0	1	0	0	0	0	0	4"
rrap_ns7_nh4_m2_seed4,5,7,4,2,26,51,38,19,53,38,[OB-TREE],1586,130,320,5152,63990,15.9693,0.974452,"0	2	0	0	3	0	0	0	1	0	0	0	1	0	0	0	0	0	0	1	0	1	0	0	0	4	0	0	"
rrap_ns8_nh2_m2_seed1,6,8,2,2,64,117,86,24,64,49,[Q-BASIC],10450,85,751,26890,888,1.02448,0.944712,"4	0	1	0	2	0	0	1	0	1	1	0	0	2	1	0"
rrap_ns8_nh2_m2_seed2,6,8,2,2,64,117,86,24,64,49,[Q-BASIC],9797,65,731,23860,1318,1.6646,0.920896,"2	0	0	1	3	0	0	1	1	0	0	1	0	1	2	0"
rrap_ns8_nh2_m2_seed3,6,8,2,2,64,117,86,24,64,49,[Q-BASIC],10061,70,736,24842,3029,2.5922,0.841437,"0	2	0	1	0	2	0	1	1	0	1	0	0	1	2	0"
rrap_ns8_nh2_m2_seed4,6,8,2,2,64,117,86,24,64,49,[Q-BASIC],9956,72,738,24710,1887,1.00943,0.926089,"3	0	0	1	2	0	1	0	1	0	1	0	0	1	2	0"
rrap_ns8_nh3_m2_seed1,6,8,3,2,64,117,86,24,64,49,[Q-BASIC],13007,128,1127,35040,43060,20.3609,0.943807,"0	0	2	0	0	1	0	0	1	0	0	2	0	0	1	0	0	1	1	0	0	3	0	0"
rrap_ns8_nh3_m2_seed2,6,8,3,2,64,117,86,24,64,49,[Q-BASIC],13574,143,1142,37428,63199,26.4814,0.964837,"0	2	1	0	0	1	0	0	3	1	0	0	0	0	1	1	0	0	1	1	0	0	1	0"
rrap_ns8_nh3_m2_seed3,6,8,3,2,64,117,86,24,64,49,[Q-BASIC],13990,154,1153,39288,50816,18.0333,0.976918,"3	0	0	0	0	1	2	1	0	0	1	0	1	0	0	1	0	0	2	0	0	1	0	0"
rrap_ns8_nh3_m2_seed4,6,8,3,2,64,117,86,24,64,49,[Q-BASIC],14617,172,1171,42198,45521,19.1316,0.984801,"2	2	0	0	1	0	1	0	0	0	0	3	1	0	0	0	0	1	1	0	0	0	3	0"
rrap_ns8_nh4_m2_seed1,6,8,4,2,64,117,86,24,64,49,[Q-BASIC],13339,117,1449,34058,1422,1.71871,0.927422,"0	0	0	2	0	0	1	0	2	0	0	0	1	0	0	0	0	0	0	1	0	1	0	0	0	0	2	0	0	0	0	1"
rrap_ns8_nh4_m2_seed2,6,8,4,2,64,117,86,24,64,49,[Q-BASIC],16191,191,1523,46176,266965,82.572,0.970908,"0	3	0	0	1	0	0	0	0	0	2	0	0	1	0	0	1	0	0	0	0	1	0	0	0	0	3	0	0	0	0	1"
rrap_ns8_nh4_m2_seed3,6,8,4,2,64,117,86,24,64,49,[Q-BASIC],15056,161,1493,41276,9070,4.51077,0.943351,"0	0	3	0	0	0	1	0	2	0	0	0	0	1	0	0	0	0	1	0	1	0	0	0	2	0	0	0	0	0	1	0"
rrap_ns8_nh4_m2_seed4,6,8,4,2,64,117,86,24,64,49,[Q-BASIC],15381,167,1499,42522,146548,62.8565,0.959951,"0	0	0	3	0	0	0	1	0	1	0	0	0	0	2	0	0	0	1	0	1	0	0	0	0	0	0	1	0	0	3	0	"
rrap_ns8_nh2_m2_seed1,6,8,2,2,64,117,86,24,64,49,[Q-TREE],2640,85,319,8253,830,0.948331,0.944712,"4	0	1	0	2	0	0	1	0	1	1	0	0	2	1	0"
rrap_ns8_nh2_m2_seed2,6,8,2,2,64,117,86,24,64,49,[Q-TREE],2362,65,299,7200,1307,1.80187,0.920896,"2	0	0	1	3	0	0	1	1	0	0	1	0	1	2	0"
rrap_ns8_nh2_m2_seed3,6,8,2,2,64,117,86,24,64,49,[Q-TREE],2516,70,304,7759,3851,2.58663,0.841437,"0	2	0	1	0	2	0	1	1	0	1	0	0	1	2	0"
rrap_ns8_nh2_m2_seed4,6,8,2,2,64,117,86,24,64,49,[Q-TREE],2298,72,306,7004,1623,1.00596,0.926091,"3	0	0	1	2	0	1	0	1	0	1	0	0	1	2	0"
rrap_ns8_nh3_m2_seed1,6,8,3,2,64,117,86,24,64,49,[Q-TREE],4426,128,479,14102,60870,18.2452,0.943802,"0	0	2	0	0	1	0	0	1	0	0	2	0	0	1	0	0	1	1	0	0	3	0	0"
rrap_ns8_nh3_m2_seed2,6,8,3,2,64,117,86,24,64,49,[Q-TREE],4360,143,494,13931,97266,30.963,0.964835,"0	2	1	0	0	1	0	0	3	1	0	0	0	0	1	1	0	0	1	1	0	0	1	0"
rrap_ns8_nh3_m2_seed3,6,8,3,2,64,117,86,24,64,49,[Q-TREE],4726,154,505,15256,91798,20.5746,0.976913,"3	0	0	0	0	1	2	1	0	0	1	0	1	0	0	1	0	0	2	0	0	1	0	0"
rrap_ns8_nh3_m2_seed4,6,8,3,2,64,117,86,24,64,49,[Q-TREE],5406,172,523,17708,65867,17.4722,0.984792,"2	2	0	0	1	0	1	0	0	0	0	3	1	0	0	0	0	1	1	0	0	0	3	0"
rrap_ns8_nh4_m2_seed1,6,8,4,2,64,117,86,24,64,49,[Q-TREE],3910,117,585,11678,1715,2.5863,0.927419,"0	0	0	2	0	0	1	0	2	0	0	0	1	0	0	0	0	0	0	1	0	1	0	0	0	0	2	0	0	0	0	1"
rrap_ns8_nh4_m2_seed2,6,8,4,2,64,117,86,24,64,49,[Q-TREE],6032,191,659,19401,350758,90.8226,0.970915,"0	3	0	0	1	0	0	0	0	0	2	0	0	1	0	0	1	0	0	0	0	1	0	0	0	0	3	0	0	0	0	1"
rrap_ns8_nh4_m2_seed3,6,8,4,2,64,117,86,24,64,49,[Q-TREE],5168,161,629,16257,11653,3.07482,0.943349,"0	0	3	0	0	0	1	0	2	0	0	0	0	1	0	0	0	0	1	0	1	0	0	0	2	0	0	0	0	0	1	0"
rrap_ns8_nh4_m2_seed4,6,8,4,2,64,117,86,24,64,49,[Q-TREE],5352,167,635,16925,411149,125.094,0.959951,"0	0	0	3	0	0	0	1	0	1	0	0	0	0	2	0	0	0	1	0	1	0	0	0	0	0	0	1	0	0	3	0	"
rrap_ns8_nh2_m2_seed1,6,8,2,2,64,117,86,24,64,49,[Q-OB-TREE],1984,85,257,6299,769,1.06278,0.944712,"4	0	1	0	2	0	0	1	0	1	1	0	0	2	1	0"
rrap_ns8_nh2_m2_seed2,6,8,2,2,64,117,86,24,64,49,[Q-OB-TREE],1644,65,237,5029,1653,0.991242,0.9209,"2	0	0	1	3	0	0	1	1	0	0	1	0	1	2	0"
rrap_ns8_nh2_m2_seed3,6,8,2,2,64,117,86,24,64,49,[Q-OB-TREE],1746,70,242,5406,2043,1.64302,0.841437,"0	2	0	1	0	2	0	1	1	0	1	0	0	1	2	0"
rrap_ns8_nh2_m2_seed4,6,8,2,2,64,117,86,24,64,49,[Q-OB-TREE],1854,72,244,5792,1662,1.49322,0.926091,"3	0	0	1	2	0	1	0	1	0	1	0	0	1	2	0"
rrap_ns8_nh3_m2_seed1,6,8,3,2,64,117,86,24,64,49,[Q-OB-TREE],3163,128,386,10163,39673,8.42459,0.943804,"0	0	2	0	0	1	0	0	1	0	0	2	0	0	1	0	0	1	1	0	0	3	0	0"
rrap_ns8_nh3_m2_seed2,6,8,3,2,64,117,86,24,64,49,[Q-OB-TREE],3375,143,401,10965,65126,20.5582,0.96484,"0	2	1	0	0	1	0	0	3	1	0	0	0	0	1	1	0	0	1	1	0	0	1	0"
rrap_ns8_nh3_m2_seed3,6,8,3,2,64,117,86,24,64,49,[Q-OB-TREE],3553,154,412,11632,34053,9.19144,0.976916,"3	0	0	0	0	1	2	1	0	0	1	0	1	0	0	1	0	0	2	0	0	1	0	0"
rrap_ns8_nh3_m2_seed4,6,8,3,2,64,117,86,24,64,49,[Q-OB-TREE],3887,172,430,12873,63406,15.0335,0.984794,"2	2	0	0	1	0	1	0	0	0	0	3	1	0	0	0	0	1	1	0	0	0	3	0"
rrap_ns8_nh4_m2_seed1,6,8,4,2,64,117,86,24,64,49,[Q-OB-TREE],2886,117,461,8715,1888,1.93619,0.927422,"0	0	0	2	0	0	1	0	2	0	0	0	1	0	0	0	0	0	0	1	0	1	0	0	0	0	2	0	0	0	0	1"
rrap_ns8_nh4_m2_seed2,6,8,4,2,64,117,86,24,64,49,[Q-OB-TREE],4462,191,535,14527,201107,52.9961,0.970912,"0	3	0	0	1	0	0	0	0	0	2	0	0	1	0	0	1	0	0	0	0	1	0	0	0	0	3	0	0	0	0	1"
rrap_ns8_nh4_m2_seed3,6,8,4,2,64,117,86,24,64,49,[Q-OB-TREE],3888,161,505,12398,10524,2.14445,0.943349,"0	0	3	0	0	0	1	0	2	0	0	0	0	1	0	0	0	0	1	0	1	0	0	0	2	0	0	0	0	0	1	0"
rrap_ns8_nh4_m2_seed4,6,8,4,2,64,117,86,24,64,49,[Q-OB-TREE],3868,167,511,12352,114529,42.206,0.959951,"0	0	0	3	0	0	0	1	0	1	0	0	0	0	2	0	0	0	1	0	1	0	0	0	0	0	0	1	0	0	3	0	"
rrap_ns8_nh2_m2_seed1,6,8,2,2,64,117,86,24,64,49,[BASIC],3143,85,445,9605,1700,0.875857,0.944712,"4	0	1	0	2	0	0	1	0	1	1	0	0	2	1	0"
rrap_ns8_nh2_m2_seed2,6,8,2,2,64,117,86,24,64,49,[BASIC],2638,65,425,7686,1764,0.718909,0.920896,"2	0	0	1	3	0	0	1	1	0	0	1	0	1	2	0"
rrap_ns8_nh2_m2_seed3,6,8,2,2,64,117,86,24,64,49,[BASIC],2787,70,430,8229,7961,3.52026,0.841437,"0	2	0	1	0	2	0	1	1	0	1	0	0	1	2	0"
rrap_ns8_nh2_m2_seed4,6,8,2,2,64,117,86,24,64,49,[BASIC],2737,72,432,8049,3705,1.54624,0.926089,"3	0	0	1	2	0	1	0	1	0	1	0	0	1	2	0"
rrap_ns8_nh3_m2_seed1,6,8,3,2,64,117,86,24,64,49,[BASIC],4491,128,608,13921,105939,19.2217,0.943802,"0	0	2	0	0	1	0	0	1	0	0	2	0	0	1	0	0	1	1	0	0	3	0	0"
rrap_ns8_nh3_m2_seed2,6,8,3,2,64,117,86,24,64,49,[BASIC],4886,143,623,15340,329257,64.955,0.964835,"0	2	1	0	0	1	0	0	3	1	0	0	0	0	1	1	0	0	1	1	0	0	1	0"
rrap_ns8_nh3_m2_seed3,6,8,3,2,64,117,86,24,64,49,[BASIC],5332,154,634,16953,138008,34.978,0.976913,"3	0	0	0	0	1	2	1	0	0	1	0	1	0	0	1	0	0	2	0	0	1	0	0"
rrap_ns8_nh3_m2_seed4,6,8,3,2,64,117,86,24,64,49,[BASIC],5879,172,652,19072,315197,70.8744,0.984793,"2	2	0	0	1	0	1	0	0	0	0	3	1	0	0	0	0	1	1	0	0	0	3	0"
rrap_ns8_nh4_m2_seed1,6,8,4,2,64,117,86,24,64,49,[BASIC],4423,117,717,12989,4735,2.09717,0.927419,"0	0	0	2	0	0	1	0	2	0	0	0	1	0	0	0	0	0	0	1	0	1	0	0	0	0	2	0	0	0	0	1"
rrap_ns8_nh4_m2_seed2,6,8,4,2,64,117,86,24,64,49,[BASIC],6554,191,791,20745,1.66E+06,315.801,0.970908,"0	3	0	0	1	0	0	0	0	0	2	0	0	1	0	0	1	0	0	0	0	1	0	0	0	0	3	0	0	0	0	1"
rrap_ns8_nh4_m2_seed3,6,8,4,2,64,117,86,24,64,49,[BASIC],5693,161,761,17589,27417,5.66691,0.943349,"0	0	3	0	0	0	1	0	2	0	0	0	0	1	0	0	0	0	1	0	1	0	0	0	2	0	0	0	0	0	1	0"
rrap_ns8_nh4_m2_seed4,6,8,4,2,64,117,86,24,64,49,[BASIC],5863,167,767,18278,1.15E+06,253.864,0.959951,"0	0	0	3	0	0	0	1	0	1	0	0	0	0	2	0	0	0	1	0	1	0	0	0	0	0	0	1	0	0	3	0	"
rrap_ns8_nh2_m2_seed1,6,8,2,2,64,117,86,24,64,49,[TREE],1565,85,277,5022,1267,0.395145,0.944712,"4	0	1	0	2	0	0	1	0	1	1	0	0	2	1	0"
rrap_ns8_nh2_m2_seed2,6,8,2,2,64,117,86,24,64,49,[TREE],1319,65,257,4081,1958,0.448965,0.920896,"2	0	0	1	3	0	0	1	1	0	0	1	0	1	2	0"
rrap_ns8_nh2_m2_seed3,6,8,2,2,64,117,86,24,64,49,[TREE],1415,70,262,4437,6559,0.859219,0.841437,"0	2	0	1	0	2	0	1	1	0	1	0	0	1	2	0"
rrap_ns8_nh2_m2_seed4,6,8,2,2,64,117,86,24,64,49,[TREE],1281,72,264,3976,2781,0.74343,0.926089,"3	0	0	1	2	0	1	0	1	0	1	0	0	1	2	0"
rrap_ns8_nh3_m2_seed1,6,8,3,2,64,117,86,24,64,49,[TREE],2344,128,384,7585,154757,19.2392,0.943802,"0	0	2	0	0	1	0	0	1	0	0	2	0	0	1	0	0	1	1	0	0	3	0	0"
rrap_ns8_nh3_m2_seed2,6,8,3,2,64,117,86,24,64,49,[TREE],2460,143,399,8051,552744,62.3492,0.964835,"0	2	1	0	0	1	0	0	3	1	0	0	0	0	1	1	0	0	1	1	0	0	1	0"
rrap_ns8_nh3_m2_seed3,6,8,3,2,64,117,86,24,64,49,[TREE],2706,154,410,8956,366711,43.0999,0.976913,"3	0	0	0	0	1	2	1	0	0	1	0	1	0	0	1	0	0	2	0	0	1	0	0"
rrap_ns8_nh3_m2_seed4,6,8,3,2,64,117,86,24,64,49,[TREE],3052,172,428,10239,470744,45.5647,0.984792,"2	2	0	0	1	0	1	0	0	0	0	3	1	0	0	0	0	1	1	0	0	0	3	0"
rrap_ns8_nh4_m2_seed1,6,8,4,2,64,117,86,24,64,49,[TREE],2191,117,437,6670,4855,1.02333,0.927419,"0	0	0	2	0	0	1	0	2	0	0	0	1	0	0	0	0	0	0	1	0	1	0	0	0	0	2	0	0	0	0	1"
rrap_ns8_nh4_m2_seed2,6,8,4,2,64,117,86,24,64,49,[TREE],3361,191,511,11061,2.21E+06,247.336,0.970908,"0	3	0	0	1	0	0	0	0	0	2	0	0	1	0	0	1	0	0	0	0	1	0	0	0	0	3	0	0	0	0	1"
rrap_ns8_nh4_m2_seed3,6,8,4,2,64,117,86,24,64,49,[TREE],2885,161,481,9275,24142,2.46121,0.943349,"0	0	3	0	0	0	1	0	2	0	0	0	0	1	0	0	0	0	1	0	1	0	0	0	2	0	0	0	0	0	1	0"
rrap_ns8_nh4_m2_seed4,6,8,4,2,64,117,86,24,64,49,[TREE],2991,167,487,9670,3.03E+06,357.901,0.959951,"0	0	0	3	0	0	0	1	0	1	0	0	0	0	2	0	0	0	1	0	1	0	0	0	0	0	0	1	0	0	3	0	"
rrap_ns8_nh2_m2_seed1,6,8,2,2,64,117,86,24,64,49,[OB-TREE],1162,85,232,3792,1327,0.40045,0.944712,"4	0	1	0	2	0	0	1	0	1	1	0	0	2	1	0"
rrap_ns8_nh2_m2_seed2,6,8,2,2,64,117,86,24,64,49,[OB-TREE],974,65,212,3054,2231,0.392197,0.920896,"2	0	0	1	3	0	0	1	1	0	0	1	0	1	2	0"
rrap_ns8_nh2_m2_seed3,6,8,2,2,64,117,86,24,64,49,[OB-TREE],1030,70,217,3270,6723,1.2619,0.841437,"0	2	0	1	0	2	0	1	1	0	1	0	0	1	2	0"
rrap_ns8_nh2_m2_seed4,6,8,2,2,64,117,86,24,64,49,[OB-TREE],1002,72,219,3180,4246,1.57179,0.926089,"3	0	0	1	2	0	1	0	1	0	1	0	0	1	2	0"
rrap_ns8_nh3_m2_seed1,6,8,3,2,64,117,86,24,64,49,[OB-TREE],1790,128,324,5894,137279,16.0542,0.943802,"0	0	2	0	0	1	0	0	1	0	0	2	0	0	1	0	0	1	1	0	0	3	0	0"
rrap_ns8_nh3_m2_seed2,6,8,3,2,64,117,86,24,64,49,[OB-TREE],1902,143,339,6346,479921,53.3152,0.964835,"0	2	1	0	0	1	0	0	3	1	0	0	0	0	1	1	0	0	1	1	0	0	1	0"
rrap_ns8_nh3_m2_seed3,6,8,3,2,64,117,86,24,64,49,[OB-TREE],2038,154,350,6866,186004,26.7206,0.976913,"3	0	0	0	0	1	2	1	0	0	1	0	1	0	0	1	0	0	2	0	0	1	0	0"
rrap_ns8_nh3_m2_seed4,6,8,3,2,64,117,86,24,64,49,[OB-TREE],2238,172,368,7638,271241,32.1441,0.984792,"2	2	0	0	1	0	1	0	0	0	0	3	1	0	0	0	0	1	1	0	0	0	3	0"
rrap_ns8_nh4_m2_seed1,6,8,4,2,64,117,86,24,64,49,[OB-TREE],1654,117,362,5106,5483,0.938087,0.927419,"0	0	0	2	0	0	1	0	2	0	0	0	1	0	0	0	0	0	0	1	0	1	0	0	0	0	2	0	0	0	0	1"
rrap_ns8_nh4_m2_seed2,6,8,4,2,64,117,86,24,64,49,[OB-TREE],2574,191,436,8622,1.55E+06,194.936,0.970908,"0	3	0	0	1	0	0	0	0	0	2	0	0	1	0	0	1	0	0	0	0	1	0	0	0	0	3	0	0	0	0	1"
rrap_ns8_nh4_m2_seed3,6,8,4,2,64,117,86,24,64,49,[OB-TREE],2202,161,406,7200,21159,3.51493,0.943349,"0	0	3	0	0	0	1	0	2	0	0	0	0	1	0	0	0	0	1	0	1	0	0	0	2	0	0	0	0	0	1	0"
rrap_ns8_nh4_m2_seed4,6,8,4,2,64,117,86,24,64,49,[OB-TREE],2250,167,412,7392,1.17E+06,179.629,0.959951,"0	0	0	3	0	0	0	1	0	1	0	0	0	0	2	0	0	0	1	0	1	0	0	0	0	0	0	1	0	0	3	0	"
rrap_ns8_nh2_m2_seed1,7,8,2,2,34,77,57,25,87,56,[Q-BASIC],4830,85,473,13242,2753,1.19606,0.992826,"3	0	1	0	2	0	0	1	0	1	2	1	0	1	1	0"
rrap_ns8_nh2_m2_seed2,7,8,2,2,34,77,57,25,87,56,[Q-BASIC],4441,65,453,11416,1769,1.89434,0.983266,"1	0	0	1	3	0	0	1	1	0	0	2	1	0	2	0"
rrap_ns8_nh2_m2_seed3,7,8,2,2,34,77,57,25,87,56,[Q-BASIC],4587,70,458,11968,4598,2.4133,0.970729,"0	2	0	1	0	1	0	1	0	1	3	0	0	1	1	0"
rrap_ns8_nh2_m2_seed4,7,8,2,2,34,77,57,25,87,56,[Q-BASIC],4559,72,460,12018,2026,0.93028,0.988702,"1	0	0	1	3	0	1	0	0	1	1	0	0	1	3	0"
rrap_ns8_nh3_m2_seed1,7,8,3,2,34,77,57,25,87,56,[Q-BASIC],6328,128,710,18072,46242,14.6953,0.995485,"0	0	1	0	0	2	0	0	3	1	0	0	1	0	0	0	0	1	0	1	0	3	0	0"
rrap_ns8_nh3_m2_seed2,7,8,3,2,34,77,57,25,87,56,[Q-BASIC],6681,143,725,19566,156321,29.2856,0.997129,"0	1	0	0	0	4	0	0	1	1	0	0	0	0	1	1	0	0	1	2	0	0	1	0"
rrap_ns8_nh3_m2_seed3,7,8,3,2,34,77,57,25,87,56,[Q-BASIC],6905,154,736,20586,130257,25.0162,0.998746,"1	0	0	0	0	1	2	2	0	0	1	0	1	0	0	1	0	0	1	0	0	3	0	0"
rrap_ns8_nh3_m2_seed4,7,8,3,2,34,77,57,25,87,56,[Q-BASIC],7234,172,754,22184,196640,36.7124,0.998731,"0	2	0	0	1	0	3	0	0	0	0	1	0	1	0	0	0	2	1	0	0	0	3	0"
rrap_ns8_nh4_m2_seed1,7,8,4,2,34,77,57,25,87,56,[Q-BASIC],6520,117,893,17448,1574,1.59361,0.988138,"0	0	0	2	0	0	1	0	0	0	0	1	1	0	0	0	0	0	0	1	0	0	1	1	0	0	1	0	0	0	0	1"
rrap_ns8_nh4_m2_seed2,7,8,4,2,34,77,57,25,87,56,[Q-BASIC],8197,191,967,24694,437339,89.211,0.998742,"0	0	1	0	0	0	1	0	0	0	4	0	0	1	0	0	0	0	0	1	0	0	1	0	0	0	1	0	0	0	0	3"
rrap_ns8_nh4_m2_seed3,7,8,4,2,34,77,57,25,87,56,[Q-BASIC],7537,161,937,21788,12215,3.67094,0.996092,"0	0	2	1	1	0	0	0	1	0	0	0	1	0	0	0	0	0	1	0	3	0	0	0	1	0	0	0	0	0	1	0"
rrap_ns8_nh4_m2_seed4,7,8,4,2,34,77,57,25,87,56,[Q-BASIC],7704,167,943,22448,432402,109.216,0.99383,"0	0	0	3	0	0	0	1	0	1	0	0	0	0	1	0	0	0	1	0	0	0	2	0	0	0	1	1	0	0	1	0	"
rrap_ns8_nh2_m2_seed1,7,8,2,2,34,77,57,25,87,56,[Q-TREE],1752,85,239,5586,3236,0.968487,0.992823,"3	0	1	0	2	0	0	1	0	1	2	1	0	1	1	0"
rrap_ns8_nh2_m2_seed2,7,8,2,2,34,77,57,25,87,56,[Q-TREE],1530,65,219,4729,1817,1.05008,0.983266,"1	0	0	1	3	0	0	1	1	0	0	2	1	0	2	0"
rrap_ns8_nh2_m2_seed3,7,8,2,2,34,77,57,25,87,56,[Q-TREE],1632,70,224,5106,4821,2.00496,0.970729,"0	2	0	1	0	1	0	1	0	1	3	0	0	1	1	0"
rrap_ns8_nh2_m2_seed4,7,8,2,2,34,77,57,25,87,56,[Q-TREE],1502,72,226,4659,3163,1.67195,0.988702,"1	0	0	1	3	0	1	0	0	1	1	0	0	1	3	0"
rrap_ns8_nh3_m2_seed1,7,8,3,2,34,77,57,25,87,56,[Q-TREE],2842,128,359,9179,58933,13.0909,0.995482,"0	0	1	0	0	2	0	0	3	1	0	0	1	0	0	0	0	1	0	1	0	3	0	0"
rrap_ns8_nh3_m2_seed2,7,8,3,2,34,77,57,25,87,56,[Q-TREE],2868,143,374,9330,169063,24.8411,0.997124,"0	1	0	0	0	4	0	0	1	1	0	0	0	0	1	1	0	0	1	2	0	0	1	0"
rrap_ns8_nh3_m2_seed3,7,8,3,2,34,77,57,25,87,56,[Q-TREE],3126,154,385,10277,129817,23.195,0.998743,"1	0	0	0	0	1	2	2	0	0	1	0	1	0	0	1	0	0	1	0	0	3	0	0"
rrap_ns8_nh3_m2_seed4,7,8,3,2,34,77,57,25,87,56,[Q-TREE],3544,172,403,11812,269960,30.126,0.998733,"0	2	0	0	1	0	3	0	0	0	0	1	0	1	0	0	0	2	1	0	0	0	3	0"
rrap_ns8_nh4_m2_seed1,7,8,4,2,34,77,57,25,87,56,[Q-TREE],2560,117,425,7754,2462,1.72364,0.988138,"0	0	0	2	0	0	1	0	0	0	0	1	1	0	0	0	0	0	0	1	0	0	1	1	0	0	1	0	0	0	0	1"
rrap_ns8_nh4_m2_seed2,7,8,4,2,34,77,57,25,87,56,[Q-TREE],3966,191,499,12971,369421,61.9325,0.998734,"0	0	1	0	0	0	1	0	0	0	4	0	0	1	0	0	0	0	0	1	0	0	1	0	0	0	1	0	0	0	0	3"
rrap_ns8_nh4_m2_seed3,7,8,4,2,34,77,57,25,87,56,[Q-TREE],3396,161,469,10856,12054,2.01599,0.996093,"0	0	2	1	1	0	0	0	1	0	0	0	1	0	0	0	0	0	1	0	3	0	0	0	1	0	0	0	0	0	1	0"
rrap_ns8_nh4_m2_seed4,7,8,4,2,34,77,57,25,87,56,[Q-TREE],3508,167,475,11272,768731,138.269,0.99383,"0	0	0	3	0	0	0	1	0	1	0	0	0	0	1	0	0	0	1	0	0	0	2	0	0	0	1	1	0	0	1	0	"
rrap_ns8_nh2_m2_seed1,7,8,2,2,34,77,57,25,87,56,[Q-OB-TREE],1295,85,199,4213,3856,1.725,0.992825,"3	0	1	0	2	0	0	1	0	1	2	1	0	1	1	0"
rrap_ns8_nh2_m2_seed2,7,8,2,2,34,77,57,25,87,56,[Q-OB-TREE],1113,65,179,3496,1695,0.514448,0.983266,"1	0	0	1	3	0	0	1	1	0	0	2	1	0	2	0"
rrap_ns8_nh2_m2_seed3,7,8,2,2,34,77,57,25,87,56,[Q-OB-TREE],1193,70,184,3796,5387,1.56051,0.970729,"0	2	0	1	0	1	0	1	0	1	3	0	0	1	1	0"
rrap_ns8_nh2_m2_seed4,7,8,2,2,34,77,57,25,87,56,[Q-OB-TREE],1129,72,186,3580,2687,0.503045,0.988702,"1	0	0	1	3	0	1	0	0	1	1	0	0	1	3	0"
rrap_ns8_nh3_m2_seed1,7,8,3,2,34,77,57,25,87,56,[Q-OB-TREE],2071,128,299,6797,70125,9.54289,0.995482,"0	0	1	0	0	2	0	0	3	1	0	0	1	0	0	0	0	1	0	1	0	3	0	0"
rrap_ns8_nh3_m2_seed2,7,8,3,2,34,77,57,25,87,56,[Q-OB-TREE],2119,143,314,7025,169074,19.2015,0.997127,"0	1	0	0	0	4	0	0	1	1	0	0	0	0	1	1	0	0	1	2	0	0	1	0"
rrap_ns8_nh3_m2_seed3,7,8,3,2,34,77,57,25,87,56,[Q-OB-TREE],2327,154,325,7797,163564,15.0348,0.998743,"1	0	0	0	0	1	2	2	0	0	1	0	1	0	0	1	0	0	1	0	0	3	0	0"
rrap_ns8_nh3_m2_seed4,7,8,3,2,34,77,57,25,87,56,[Q-OB-TREE],2621,172,343,8898,319108,26.2963,0.99873,"0	2	0	0	1	0	3	0	0	0	0	1	0	1	0	0	0	2	1	0	0	0	3	0"
rrap_ns8_nh4_m2_seed1,7,8,4,2,34,77,57,25,87,56,[Q-OB-TREE],1891,117,345,5819,3309,1.64123,0.988138,"0	0	0	2	0	0	1	0	0	0	0	1	1	0	0	0	0	0	0	1	0	0	1	1	0	0	1	0	0	0	0	1"
rrap_ns8_nh4_m2_seed2,7,8,4,2,34,77,57,25,87,56,[Q-OB-TREE],2899,191,419,9643,738034,75.6513,0.998738,"0	0	1	0	0	0	1	0	0	0	4	0	0	1	0	0	0	0	0	1	0	0	1	0	0	0	1	0	0	0	0	3"
rrap_ns8_nh4_m2_seed3,7,8,4,2,34,77,57,25,87,56,[Q-OB-TREE],2523,161,389,8207,14698,1.65337,0.996091,"0	0	2	1	1	0	0	0	1	0	0	0	1	0	0	0	0	0	1	0	3	0	0	0	1	0	0	0	0	0	1	0"
rrap_ns8_nh4_m2_seed4,7,8,4,2,34,77,57,25,87,56,[Q-OB-TREE],2533,167,395,8266,971864,103.331,0.993832,"0	0	0	3	0	0	0	1	0	1	0	0	0	0	1	0	0	0	1	0	0	0	2	0	0	0	1	1	0	0	1	0	"
rrap_ns8_nh2_m2_seed1,7,8,2,2,34,77,57,25,87,56,[BASIC],3449,85,475,10419,4623,2.68381,0.992824,"3	0	1	0	2	0	0	1	0	1	2	1	0	1	1	0"
rrap_ns8_nh2_m2_seed2,7,8,2,2,34,77,57,25,87,56,[BASIC],2807,65,455,8125,3778,1.28278,0.983266,"1	0	0	1	3	0	0	1	1	0	0	2	1	0	2	0"
rrap_ns8_nh2_m2_seed3,7,8,2,2,34,77,57,25,87,56,[BASIC],2961,70,460,8685,9884,2.25944,0.970729,"0	2	0	1	0	1	0	1	0	1	3	0	0	1	1	0"
rrap_ns8_nh2_m2_seed4,7,8,2,2,34,77,57,25,87,56,[BASIC],3135,72,462,9235,7565,1.13481,0.988702,"1	0	0	1	3	0	1	0	0	1	1	0	0	1	3	0"
rrap_ns8_nh3_m2_seed1,7,8,3,2,34,77,57,25,87,56,[BASIC],4868,128,648,15009,187353,39.3494,0.995478,"0	0	1	0	0	2	0	0	3	1	0	0	1	0	0	0	0	1	0	1	0	3	0	0"
rrap_ns8_nh3_m2_seed2,7,8,3,2,34,77,57,25,87,56,[BASIC],5378,143,663,16806,487547,70.28,0.997124,"0	1	0	0	0	4	0	0	1	1	0	0	0	0	1	1	0	0	1	2	0	0	1	0"
rrap_ns8_nh3_m2_seed3,7,8,3,2,34,77,57,25,87,56,[BASIC],5754,154,674,18306,449045,68.5932,0.998743,"1	0	0	0	0	1	2	2	0	0	1	0	1	0	0	1	0	0	1	0	0	3	0	0"
rrap_ns8_nh3_m2_seed4,7,8,3,2,34,77,57,25,87,56,[BASIC],6341,172,692,20412,1.05E+06,152.331,0.99873,"0	2	0	0	1	0	3	0	0	0	0	1	0	1	0	0	0	2	1	0	0	0	3	0"
rrap_ns8_nh4_m2_seed1,7,8,4,2,34,77,57,25,87,56,[BASIC],4745,117,767,13936,7482,3.72324,0.988138,"0	0	0	2	0	0	1	0	0	0	0	1	1	0	0	0	0	0	0	1	0	0	1	1	0	0	1	0	0	0	0	1"
rrap_ns8_nh4_m2_seed2,7,8,4,2,34,77,57,25,87,56,[BASIC],7075,191,841,22378,2.92E+06,597.294,0.998734,"0	0	1	0	0	0	1	0	0	0	4	0	0	1	0	0	0	0	0	1	0	0	1	0	0	0	1	0	0	0	0	3"
rrap_ns8_nh4_m2_seed3,7,8,4,2,34,77,57,25,87,56,[BASIC],6085,161,811,18796,39572,6.90901,0.99609,"0	0	2	1	1	0	0	0	1	0	0	0	1	0	0	0	0	0	1	0	3	0	0	0	1	0	0	0	0	0	1	0"
rrap_ns8_nh4_m2_seed4,7,8,4,2,34,77,57,25,87,56,[BASIC],6281,167,817,19485,3.03E+06,563.704,0.99383,"0	0	0	3	0	0	0	1	0	1	0	0	0	0	1	0	0	0	1	0	0	0	2	0	0	0	1	1	0	0	1	0	"
rrap_ns8_nh2_m2_seed1,7,8,2,2,34,77,57,25,87,56,[TREE],2109,85,346,6675,4147,0.937458,0.992823,"3	0	1	0	2	0	0	1	0	1	2	1	0	1	1	0"
rrap_ns8_nh2_m2_seed2,7,8,2,2,34,77,57,25,87,56,[TREE],1747,65,326,5328,3004,1.78159,0.983266,"1	0	0	1	3	0	0	1	1	0	0	2	1	0	2	0"
rrap_ns8_nh2_m2_seed3,7,8,2,2,34,77,57,25,87,56,[TREE],1859,70,331,5740,10445,1.75449,0.970729,"0	2	0	1	0	1	0	1	0	1	3	0	0	1	1	0"
rrap_ns8_nh2_m2_seed4,7,8,2,2,34,77,57,25,87,56,[TREE],1855,72,333,5734,4333,1.19655,0.988702,"1	0	0	1	3	0	1	0	0	1	1	0	0	1	3	0"
rrap_ns8_nh3_m2_seed1,7,8,3,2,34,77,57,25,87,56,[TREE],3111,128,476,9915,99072,25.1642,0.99548,"0	0	1	0	0	2	0	0	3	1	0	0	1	0	0	0	0	1	0	1	0	3	0	0"
rrap_ns8_nh3_m2_seed2,7,8,3,2,34,77,57,25,87,56,[TREE],3359,143,491,10843,515367,78.5437,0.997124,"0	1	0	0	0	4	0	0	1	1	0	0	0	0	1	1	0	0	1	2	0	0	1	0"
rrap_ns8_nh3_m2_seed3,7,8,3,2,34,77,57,25,87,56,[TREE],3747,154,502,12245,342446,63.2723,0.998743,"1	0	0	0	0	1	2	2	0	0	1	0	1	0	0	1	0	0	1	0	0	3	0	0"
rrap_ns8_nh3_m2_seed4,7,8,3,2,34,77,57,25,87,56,[TREE],4117,172,520,13612,461541,72.5573,0.998729,"0	2	0	0	1	0	3	0	0	0	0	1	0	1	0	0	0	2	1	0	0	0	3	0"
rrap_ns8_nh4_m2_seed1,7,8,4,2,34,77,57,25,87,56,[TREE],3009,117,552,9075,7372,2.98443,0.988138,"0	0	0	2	0	0	1	0	0	0	0	1	1	0	0	0	0	0	0	1	0	0	1	1	0	0	1	0	0	0	0	1"
rrap_ns8_nh4_m2_seed2,7,8,4,2,34,77,57,25,87,56,[TREE],4577,191,626,14859,1.06E+06,212.043,0.998734,"0	0	1	0	0	0	1	0	0	0	4	0	0	1	0	0	0	0	0	1	0	0	1	0	0	0	1	0	0	0	0	3"
rrap_ns8_nh4_m2_seed3,7,8,4,2,34,77,57,25,87,56,[TREE],3913,161,596,12415,20567,4.08763,0.996087,"0	0	2	1	1	0	0	0	1	0	0	0	1	0	0	0	0	0	1	0	3	0	0	0	1	0	0	0	0	0	1	0"
rrap_ns8_nh4_m2_seed4,7,8,4,2,34,77,57,25,87,56,[TREE],4007,167,602,12768,1.71E+06,341.936,0.993827,"0	0	0	3	0	0	0	1	0	1	0	0	0	0	1	0	0	0	1	0	0	0	2	0	0	0	1	1	0	0	1	0	"
rrap_ns8_nh2_m2_seed1,7,8,2,2,34,77,57,25,87,56,[OB-TREE],1345,85,253,4353,4710,1.22353,0.992823,"3	0	1	0	2	0	0	1	0	1	2	1	0	1	1	0"
rrap_ns8_nh2_m2_seed2,7,8,2,2,34,77,57,25,87,56,[OB-TREE],1101,65,233,3419,2957,0.641386,0.983266,"1	0	0	1	3	0	0	1	1	0	0	2	1	0	2	0"
rrap_ns8_nh2_m2_seed3,7,8,2,2,34,77,57,25,87,56,[OB-TREE],1177,70,238,3705,9333,1.46657,0.970729,"0	2	0	1	0	1	0	1	0	1	3	0	0	1	1	0"
rrap_ns8_nh2_m2_seed4,7,8,2,2,34,77,57,25,87,56,[OB-TREE],1173,72,240,3699,6855,1.04433,0.988702,"1	0	0	1	3	0	1	0	0	1	1	0	0	1	3	0"
rrap_ns8_nh3_m2_seed1,7,8,3,2,34,77,57,25,87,56,[OB-TREE],2060,128,352,6728,128143,22.0276,0.995479,"0	0	1	0	0	2	0	0	3	1	0	0	1	0	0	0	0	1	0	1	0	3	0	0"
rrap_ns8_nh3_m2_seed2,7,8,3,2,34,77,57,25,87,56,[OB-TREE],2242,143,367,7425,980127,120.544,0.997124,"0	1	0	0	0	4	0	0	1	1	0	0	0	0	1	1	0	0	1	2	0	0	1	0"
rrap_ns8_nh3_m2_seed3,7,8,3,2,34,77,57,25,87,56,[OB-TREE],2338,154,378,7805,513173,65.6199,0.998743,"1	0	0	0	0	1	2	2	0	0	1	0	1	0	0	1	0	0	1	0	0	3	0	0"
rrap_ns8_nh3_m2_seed4,7,8,3,2,34,77,57,25,87,56,[OB-TREE],2564,172,396,8668,516268,68.2126,0.998729,"0	2	0	0	1	0	3	0	0	0	0	1	0	1	0	0	0	2	1	0	0	0	3	0"
rrap_ns8_nh4_m2_seed1,7,8,4,2,34,77,57,25,87,56,[OB-TREE],1889,117,397,5786,7756,1.33324,0.988138,"0	0	0	2	0	0	1	0	0	0	0	1	1	0	0	0	0	0	0	1	0	0	1	1	0	0	1	0	0	0	0	1"
rrap_ns8_nh4_m2_seed2,7,8,4,2,34,77,57,25,87,56,[OB-TREE],2957,191,471,9820,1.97E+06,349.429,0.998734,"0	0	1	0	0	0	1	0	0	0	4	0	0	1	0	0	0	0	0	1	0	0	1	0	0	0	1	0	0	0	0	3"
rrap_ns8_nh4_m2_seed3,7,8,4,2,34,77,57,25,87,56,[OB-TREE],2537,161,441,8230,28176,6.15751,0.996087,"0	0	2	1	1	0	0	0	1	0	0	0	1	0	0	0	0	0	1	0	3	0	0	0	1	0	0	0	0	0	1	0"
rrap_ns8_nh4_m2_seed4,7,8,4,2,34,77,57,25,87,56,[OB-TREE],2601,167,447,8478,2.44E+06,353.038,0.993827,"0	0	0	3	0	0	0	1	0	1	0	0	0	0	1	0	0	0	1	0	0	0	2	0	0	0	1	1	0	0	1	0	"
rrap_ns9_nh2_m2_seed1,8,9,2,2,71,128,108,48,132,99,[Q-BASIC],15815,120,980,41736,32062,10.578,0.967738,"1	0	0	3	0	1	1	0	1	0	0	2	1	0	0	1	0	3"
rrap_ns9_nh2_m2_seed2,8,9,2,2,71,128,108,48,132,99,[Q-BASIC],16719,139,999,45422,26431,7.61887,0.990289,"0	2	0	2	0	1	4	0	1	0	0	1	1	0	4	0	0	1"
rrap_ns9_nh2_m2_seed3,8,9,2,2,71,128,108,48,132,99,[Q-BASIC],16822,144,1004,46106,98348,33.5304,0.984366,"2	0	2	0	0	1	0	2	1	0	2	0	1	0	0	2	4	0"
rrap_ns9_nh2_m2_seed4,8,9,2,2,71,128,108,48,132,99,[Q-BASIC],17235,152,1012,47772,76626,31.0613,0.988578,"1	0	4	0	1	0	1	0	1	0	0	3	1	0	0	1	2	2"
rrap_ns9_nh3_m2_seed1,8,9,3,2,71,128,108,48,132,99,[Q-BASIC],19455,178,1468,53801,288880,83.1309,0.989594,"0	3	0	0	0	1	0	1	0	2	0	1	0	0	1	0	0	1	0	0	1	0	3	0	0	1	0"
rrap_ns9_nh3_m2_seed2,8,9,3,2,71,128,108,48,132,99,[Q-BASIC],16718,115,1405,42167,6659,2.64992,0.916113,"0	1	0	0	0	2	1	0	0	0	0	1	0	1	0	0	1	0	0	1	0	1	0	0	0	0	2"
rrap_ns9_nh3_m2_seed3,8,9,3,2,71,128,108,48,132,99,[Q-BASIC],17030,122,1412,43517,6911,3.07275,0.943198,"0	1	0	0	0	2	0	1	0	1	0	0	0	0	1	0	2	0	1	0	0	1	0	0	2	0	0"
rrap_ns9_nh3_m2_seed4,8,9,3,2,71,128,108,48,132,99,[Q-BASIC],18336,150,1440,48883,54848,28.6407,0.96056,"0	2	0	0	0	2	0	0	1	0	1	0	1	0	0	0	2	0	1	0	0	2	0	0	0	1	1"
rrap_ns9_nh4_m2_seed1,8,9,4,2,71,128,108,48,132,99,[Q-BASIC],22095,215,1935,62006,63378,23.7072,0.99046,"1	0	0	0	0	0	0	4	0	0	0	1	0	1	0	0	0	3	0	0	0	0	1	0	1	0	0	0	0	0	2	0	0	0	0	2"
rrap_ns9_nh4_m2_seed2,8,9,4,2,71,128,108,48,132,99,[Q-BASIC],22511,222,1942,63508,979151,278.686,0.9777,"0	0	3	0	0	0	0	1	0	1	0	0	2	0	0	0	0	1	0	0	0	0	0	1	0	1	0	0	0	0	0	3	0	0	0	1"
rrap_ns9_nh4_m2_seed3,8,9,4,2,71,128,108,48,132,99,[Q-BASIC],21205,192,1912,57946,190455,79.2677,0.975312,"0	0	1	0	2	0	0	0	0	0	1	0	1	0	0	0	3	0	0	0	0	0	0	1	1	0	0	0	0	1	0	2	1	0	0	0"
rrap_ns9_nh4_m2_seed4,8,9,4,2,71,128,108,48,132,99,[Q-BASIC],21658,204,1924,59930,333932,133.475,0.972425,"0	1	0	0	0	3	0	0	0	1	0	0	0	0	1	0	0	0	1	0	0	0	2	0	0	0	1	0	0	0	0	2	0	2	0	0	"
rrap_ns9_nh2_m2_seed1,8,9,2,2,71,128,108,48,132,99,[Q-TREE],3775,120,376,12247,41495,15.6124,0.967739,"1	0	0	3	0	1	1	0	1	0	0	2	1	0	0	1	0	3"
rrap_ns9_nh2_m2_seed2,8,9,2,2,71,128,108,48,132,99,[Q-TREE],4371,139,395,14409,31185,10.688,0.990301,"0	2	0	2	0	1	4	0	1	0	0	1	1	0	4	0	0	1"
rrap_ns9_nh2_m2_seed3,8,9,2,2,71,128,108,48,132,99,[Q-TREE],4663,144,400,15451,110797,20.461,0.984371,"2	0	2	0	0	1	0	2	1	0	2	0	1	0	0	2	4	0"
rrap_ns9_nh2_m2_seed4,8,9,2,2,71,128,108,48,132,99,[Q-TREE],4615,152,408,15315,233688,50.7419,0.988576,"1	0	4	0	1	0	1	0	1	0	0	3	1	0	0	1	2	2"
rrap_ns9_nh3_m2_seed1,8,9,3,2,71,128,108,48,132,99,[Q-TREE],5441,178,562,17680,376854,83.3143,0.989595,"0	3	0	0	0	1	0	1	0	2	0	1	0	0	1	0	0	1	0	0	1	0	3	0	0	1	0"
rrap_ns9_nh3_m2_seed2,8,9,3,2,71,128,108,48,132,99,[Q-TREE],4145,115,499,12892,8541,3.48416,0.916109,"0	1	0	0	0	2	1	0	0	0	0	1	0	1	0	0	1	0	0	1	0	1	0	0	0	0	2"
rrap_ns9_nh3_m2_seed3,8,9,3,2,71,128,108,48,132,99,[Q-TREE],4015,122,506,12465,7878,3.21473,0.943198,"0	1	0	0	0	2	0	1	0	1	0	0	0	0	1	0	2	0	1	0	0	1	0	0	2	0	0"
rrap_ns9_nh3_m2_seed4,8,9,3,2,71,128,108,48,132,99,[Q-TREE],4791,150,534,15293,93154,28.6609,0.960559,"0	2	0	0	0	2	0	0	1	0	1	0	1	0	0	0	2	0	1	0	0	2	0	0	0	1	1"
rrap_ns9_nh4_m2_seed1,8,9,4,2,71,128,108,48,132,99,[Q-TREE],6537,215,727,21034,88721,23.807,0.990453,"1	0	0	0	0	0	0	4	0	0	0	1	0	1	0	0	0	3	0	0	0	0	1	0	1	0	0	0	0	0	2	0	0	0	0	2"
rrap_ns9_nh4_m2_seed2,8,9,4,2,71,128,108,48,132,99,[Q-TREE],6667,222,734,21517,564865,147.145,0.977692,"0	0	3	0	0	0	0	1	0	1	0	0	2	0	0	0	0	1	0	0	0	0	0	1	0	1	0	0	0	0	0	3	0	0	0	1"
rrap_ns9_nh4_m2_seed3,8,9,4,2,71,128,108,48,132,99,[Q-TREE],5943,192,704,18863,266151,65.332,0.975305,"0	0	1	0	2	0	0	0	0	0	1	0	1	0	0	0	3	0	0	0	0	0	0	1	1	0	0	0	0	1	0	2	1	0	0	0"
rrap_ns9_nh4_m2_seed4,8,9,4,2,71,128,108,48,132,99,[Q-TREE],6459,204,716,20717,391218,106.764,0.972428,"0	1	0	0	0	3	0	0	0	1	0	0	0	0	1	0	0	0	1	0	0	0	2	0	0	0	1	0	0	0	0	2	0	2	0	0	"
rrap_ns9_nh2_m2_seed1,8,9,2,2,71,128,108,48,132,99,[Q-OB-TREE],3128,120,336,10245,41053,10.5756,0.967738,"1	0	0	3	0	1	1	0	1	0	0	2	1	0	0	1	0	3"
rrap_ns9_nh2_m2_seed2,8,9,2,2,71,128,108,48,132,99,[Q-OB-TREE],3692,139,355,12295,15096,2.85501,0.99029,"0	2	0	2	0	1	4	0	1	0	0	1	1	0	4	0	0	1"
rrap_ns9_nh2_m2_seed3,8,9,2,2,71,128,108,48,132,99,[Q-OB-TREE],3784,144,360,12637,70835,16.0561,0.98437,"2	0	2	0	0	1	0	2	1	0	2	0	1	0	0	2	4	0"
rrap_ns9_nh2_m2_seed4,8,9,2,2,71,128,108,48,132,99,[Q-OB-TREE],3884,152,368,13019,93871,23.9128,0.988571,"1	0	4	0	1	0	1	0	1	0	0	3	1	0	0	1	2	2"
rrap_ns9_nh3_m2_seed1,8,9,3,2,71,128,108,48,132,99,[Q-OB-TREE],4738,178,502,15572,128654,38.6599,0.989588,"0	3	0	0	0	1	0	1	0	2	0	1	0	0	1	0	0	1	0	0	1	0	3	0	0	1	0"
rrap_ns9_nh3_m2_seed2,8,9,3,2,71,128,108,48,132,99,[Q-OB-TREE],3248,115,439,10105,8674,3.47307,0.916112,"0	1	0	0	0	2	1	0	0	0	0	1	0	1	0	0	1	0	0	1	0	1	0	0	0	0	2"
rrap_ns9_nh3_m2_seed3,8,9,3,2,71,128,108,48,132,99,[Q-OB-TREE],3240,122,446,10105,9031,3.75074,0.943197,"0	1	0	0	0	2	0	1	0	1	0	0	0	0	1	0	2	0	1	0	0	1	0	0	2	0	0"
rrap_ns9_nh3_m2_seed4,8,9,3,2,71,128,108,48,132,99,[Q-OB-TREE],3900,150,474,12527,42129,16.1484,0.960559,"0	2	0	0	0	2	0	0	1	0	1	0	1	0	0	0	2	0	1	0	0	2	0	0	0	1	1"
rrap_ns9_nh4_m2_seed1,8,9,4,2,71,128,108,48,132,99,[Q-OB-TREE],5520,215,647,17917,49265,15.6132,0.990455,"1	0	0	0	0	0	0	4	0	0	0	1	0	1	0	0	0	3	0	0	0	0	1	0	1	0	0	0	0	0	2	0	0	0	0	2"
rrap_ns9_nh4_m2_seed2,8,9,4,2,71,128,108,48,132,99,[Q-OB-TREE],5706,222,654,18596,526348,147.9,0.9777,"0	0	3	0	0	0	0	1	0	1	0	0	2	0	0	0	0	1	0	0	0	0	0	1	0	1	0	0	0	0	0	3	0	0	0	1"
rrap_ns9_nh4_m2_seed3,8,9,4,2,71,128,108,48,132,99,[Q-OB-TREE],5034,192,624,16124,134441,47.6714,0.975308,"0	0	1	0	2	0	0	0	0	0	1	0	1	0	0	0	3	0	0	0	0	0	0	1	1	0	0	0	0	1	0	2	1	0	0	0"
rrap_ns9_nh4_m2_seed4,8,9,4,2,71,128,108,48,132,99,[Q-OB-TREE],5438,204,636,17586,428007,140.138,0.972424,"0	1	0	0	0	3	0	0	0	1	0	0	0	0	1	0	0	0	1	0	0	0	2	0	0	0	1	0	0	0	0	2	0	2	0	0	"
rrap_ns9_nh2_m2_seed1,8,9,2,2,71,128,108,48,132,99,[BASIC],9604,120,972,29076,169400,58.5157,0.967735,"1	0	0	3	0	1	1	0	1	0	0	2	1	0	0	1	0	3"
rrap_ns9_nh2_m2_seed2,8,9,2,2,71,128,108,48,132,99,[BASIC],10612,139,991,32760,133399,40.8246,0.990286,"0	2	0	2	0	1	4	0	1	0	0	1	1	0	4	0	0	1"
rrap_ns9_nh2_m2_seed3,8,9,2,2,71,128,108,48,132,99,[BASIC],11124,144,996,34379,866451,188.334,0.984357,"2	0	2	0	0	1	0	2	1	0	2	0	1	0	0	2	4	0"
rrap_ns9_nh2_m2_seed4,8,9,2,2,71,128,108,48,132,99,[BASIC],11584,152,1004,36114,1.64E+06,446.934,0.988567,"1	0	4	0	1	0	1	0	1	0	0	3	1	0	0	1	2	2"
rrap_ns9_nh3_m2_seed1,8,9,3,2,71,128,108,48,132,99,[BASIC],13218,178,1314,40561,2.13E+06,637.778,0.98958,"0	3	0	0	0	1	0	1	0	2	0	1	0	0	1	0	0	1	0	0	1	0	3	0	0	1	0"
rrap_ns9_nh3_m2_seed2,8,9,3,2,71,128,108,48,132,99,[BASIC],9902,115,1251,28525,22685,11.3443,0.916109,"0	1	0	0	0	2	1	0	0	0	0	1	0	1	0	0	1	0	0	1	0	1	0	0	0	0	2"
rrap_ns9_nh3_m2_seed3,8,9,3,2,71,128,108,48,132,99,[BASIC],10495,122,1258,30452,25213,9.01037,0.943197,"0	1	0	0	0	2	0	1	0	1	0	0	0	0	1	0	2	0	1	0	0	1	0	0	2	0	0"
rrap_ns9_nh3_m2_seed4,8,9,3,2,71,128,108,48,132,99,[BASIC],12124,150,1286,36432,567513,216.861,0.960556,"0	2	0	0	0	2	0	0	1	0	1	0	1	0	0	0	2	0	1	0	0	2	0	0	0	1	1"
rrap_ns9_nh4_m2_seed1,8,9,4,2,71,128,108,48,132,99,[BASIC],16521,215,1635,50758,739143,325.18,0.990455,"1	0	0	0	0	0	0	4	0	0	0	1	0	1	0	0	0	3	0	0	0	0	1	0	1	0	0	0	0	0	2	0	0	0	0	2"
rrap_ns9_nh4_m2_seed2,8,9,4,2,71,128,108,48,132,99,[BASIC],16730,222,1642,51643,5.72E+06,1980.94,0.97769,"0	0	3	0	0	0	0	1	0	1	0	0	2	0	0	0	0	1	0	0	0	0	0	1	0	1	0	0	0	0	0	3	0	0	0	1"
rrap_ns9_nh4_m2_seed3,8,9,4,2,71,128,108,48,132,99,[BASIC],15008,192,1612,45352,527076,269.67,0.975302,"0	0	1	0	2	0	0	0	0	0	1	0	1	0	0	0	3	0	0	0	0	0	0	1	1	0	0	0	0	1	0	2	1	0	0	0"
rrap_ns9_nh4_m2_seed4,8,9,4,2,71,128,108,48,132,99,[BASIC],15655,204,1624,47667,1.83E+06,1097.75,0.972413,"0	1	0	0	0	3	0	0	0	1	0	0	0	0	1	0	0	0	1	0	0	0	2	0	0	0	1	0	0	0	0	2	0	2	0	0	"
rrap_ns9_nh2_m2_seed1,8,9,2,2,71,128,108,48,132,99,[TREE],4001,120,516,12958,145895,34.4828,0.967735,"1	0	0	3	0	1	1	0	1	0	0	2	1	0	0	1	0	3"
rrap_ns9_nh2_m2_seed2,8,9,2,2,71,128,108,48,132,99,[TREE],4543,139,535,14931,104458,19.2258,0.990289,"0	2	0	2	0	1	4	0	1	0	0	1	1	0	4	0	0	1"
rrap_ns9_nh2_m2_seed3,8,9,2,2,71,128,108,48,132,99,[TREE],4727,144,540,15595,674062,106.466,0.984355,"2	0	2	0	0	1	0	2	1	0	2	0	1	0	0	2	4	0"
rrap_ns9_nh2_m2_seed4,8,9,2,2,71,128,108,48,132,99,[TREE],4861,152,548,16096,855096,145.307,0.988565,"1	0	4	0	1	0	1	0	1	0	0	3	1	0	0	1	2	2"
rrap_ns9_nh3_m2_seed1,8,9,3,2,71,128,108,48,132,99,[TREE],5597,178,706,18128,1.99E+06,468.082,0.989579,"0	3	0	0	0	1	0	1	0	2	0	1	0	0	1	0	0	1	0	0	1	0	3	0	0	1	0"
rrap_ns9_nh3_m2_seed2,8,9,3,2,71,128,108,48,132,99,[TREE],4181,115,643,12920,14834,5.40996,0.916109,"0	1	0	0	0	2	1	0	0	0	0	1	0	1	0	0	1	0	0	1	0	1	0	0	0	0	2"
rrap_ns9_nh3_m2_seed3,8,9,3,2,71,128,108,48,132,99,[TREE],4249,122,650,13186,13723,5.66206,0.943197,"0	1	0	0	0	2	0	1	0	1	0	0	0	0	1	0	2	0	1	0	0	1	0	0	2	0	0"
rrap_ns9_nh3_m2_seed4,8,9,3,2,71,128,108,48,132,99,[TREE],5035,150,678,16049,475951,129.406,0.960554,"0	2	0	0	0	2	0	0	1	0	1	0	1	0	0	0	2	0	1	0	0	2	0	0	0	1	1"
rrap_ns9_nh4_m2_seed1,8,9,4,2,71,128,108,48,132,99,[TREE],6905,215,875,22206,504889,101.089,0.990452,"1	0	0	0	0	0	0	4	0	0	0	1	0	1	0	0	0	3	0	0	0	0	1	0	1	0	0	0	0	0	2	0	0	0	0	2"
rrap_ns9_nh4_m2_seed2,8,9,4,2,71,128,108,48,132,99,[TREE],7023,222,882,22647,1.53E+06,467.795,0.977688,"0	0	3	0	0	0	0	1	0	1	0	0	2	0	0	0	0	1	0	0	0	0	0	1	0	1	0	0	0	0	0	3	0	0	0	1"
rrap_ns9_nh4_m2_seed3,8,9,4,2,71,128,108,48,132,99,[TREE],6259,192,852,19853,668744,170.827,0.975302,"0	0	1	0	2	0	0	0	0	0	1	0	1	0	0	0	3	0	0	0	0	0	0	1	1	0	0	0	0	1	0	2	1	0	0	0"
rrap_ns9_nh4_m2_seed4,8,9,4,2,71,128,108,48,132,99,[TREE],6553,204,864,20930,857217,299.583,0.972413,"0	1	0	0	0	3	0	0	0	1	0	0	0	0	1	0	0	0	1	0	0	0	2	0	0	0	1	0	0	0	0	2	0	2	0	0	"
rrap_ns9_nh2_m2_seed1,8,9,2,2,71,128,108,48,132,99,[OB-TREE],2949,120,417,9664,218862,41.2922,0.967735,"1	0	0	3	0	1	1	0	1	0	0	2	1	0	0	1	0	3"
rrap_ns9_nh2_m2_seed2,8,9,2,2,71,128,108,48,132,99,[OB-TREE],3387,139,436,11273,163423,23.3501,0.990286,"0	2	0	2	0	1	4	0	1	0	0	1	1	0	4	0	0	1"
rrap_ns9_nh2_m2_seed3,8,9,2,2,71,128,108,48,132,99,[OB-TREE],3573,144,441,11944,794816,117.603,0.984353,"2	0	2	0	0	1	0	2	1	0	2	0	1	0	0	2	4	0"
rrap_ns9_nh2_m2_seed4,8,9,2,2,71,128,108,48,132,99,[OB-TREE],3589,152,449,12032,687166,150.334,0.988569,"1	0	4	0	1	0	1	0	1	0	0	3	1	0	0	1	2	2"
rrap_ns9_nh3_m2_seed1,8,9,3,2,71,128,108,48,132,99,[OB-TREE],4314,178,574,14174,1.87E+06,375.662,0.98958,"0	3	0	0	0	1	0	1	0	2	0	1	0	0	1	0	0	1	0	0	1	0	3	0	0	1	0"
rrap_ns9_nh3_m2_seed2,8,9,3,2,71,128,108,48,132,99,[OB-TREE],3030,115,511,9428,16073,5.4833,0.916109,"0	1	0	0	0	2	1	0	0	0	0	1	0	1	0	0	1	0	0	1	0	1	0	0	0	0	2"
rrap_ns9_nh3_m2_seed3,8,9,3,2,71,128,108,48,132,99,[OB-TREE],3044,122,518,9505,17101,6.4958,0.943197,"0	1	0	0	0	2	0	1	0	1	0	0	0	0	1	0	2	0	1	0	0	1	0	0	2	0	0"
rrap_ns9_nh3_m2_seed4,8,9,3,2,71,128,108,48,132,99,[OB-TREE],3720,150,546,11983,508389,107.257,0.960554,"0	2	0	0	0	2	0	0	1	0	1	0	1	0	0	0	2	0	1	0	0	2	0	0	0	1	1"
rrap_ns9_nh4_m2_seed1,8,9,4,2,71,128,108,48,132,99,[OB-TREE],5109,215,710,16605,321553,84.7784,0.990452,"1	0	0	0	0	0	0	4	0	0	0	1	0	1	0	0	0	3	0	0	0	0	1	0	1	0	0	0	0	0	2	0	0	0	0	2"
rrap_ns9_nh4_m2_seed2,8,9,4,2,71,128,108,48,132,99,[OB-TREE],5295,222,717,17284,2.23E+06,659.195,0.977688,"0	0	3	0	0	0	0	1	0	1	0	0	2	0	0	0	0	1	0	0	0	0	0	1	0	1	0	0	0	0	0	3	0	0	0	1"
rrap_ns9_nh4_m2_seed3,8,9,4,2,71,128,108,48,132,99,[OB-TREE],4621,192,687,14805,309854,96.0086,0.975302,"0	0	1	0	2	0	0	0	0	0	1	0	1	0	0	0	3	0	0	0	0	0	0	1	1	0	0	0	0	1	0	2	1	0	0	0"
rrap_ns9_nh4_m2_seed4,8,9,4,2,71,128,108,48,132,99,[OB-TREE],5063,204,699,16400,1.09E+06,338.067,0.972413,"0	1	0	0	0	3	0	0	0	1	0	0	0	0	1	0	0	0	1	0	0	0	2	0	0	0	1	0	0	0	0	2	0	2	0	0	"
rrap_ns10_nh2_m2_seed1,9,10,2,2,87,142,136,14,51,35,[Q-BASIC],18265,99,1107,44746,1954,1.81077,0.880585,"0	1	0	1	1	0	1	0	2	0	2	0	1	0	0	1	1	1	0	2	"
rrap_ns10_nh2_m2_seed2,9,10,2,2,87,142,136,14,51,35,[Q-BASIC],19384,125,1133,49648,6794,4.88257,0.928189,"0	1	1	0	0	2	0	3	0	1	1	0	2	0	1	0	0	1	0	4	"
rrap_ns10_nh2_m2_seed3,9,10,2,2,87,142,136,14,51,35,[Q-BASIC],22109,185,1193,61306,5846,3.15882,0.944551,"0	1	0	1	2	0	0	3	2	0	1	0	2	0	0	1	1	0	1	3	"
rrap_ns10_nh2_m2_seed4,9,10,2,2,87,142,136,14,51,35,[Q-BASIC],21818,178,1186,60112,43816,12.3055,0.969584,"0	1	1	0	3	0	3	0	1	0	0	1	0	1	0	1	2	0	0	4	"
rrap_ns10_nh3_m2_seed1,9,10,3,2,87,142,136,14,51,35,[Q-BASIC],23434,184,1696,62958,16330,9.74107,0.906398,"0	0	1	0	0	1	1	0	0	0	1	0	2	0	0	2	0	0	0	0	1	2	0	0	1	0	0	1	0	2	"
rrap_ns10_nh3_m2_seed2,9,10,3,2,87,142,136,14,51,35,[Q-BASIC],23085,181,1693,61984,16936,6.62308,0.911655,"1	0	0	1	0	0	1	0	0	1	0	0	0	2	0	0	1	2	0	0	1	1	0	0	0	0	1	0	0	3	"
rrap_ns10_nh3_m2_seed3,9,10,3,2,87,142,136,14,51,35,[Q-BASIC],23920,191,1703,64942,29710,12.343,0.937496,"0	1	0	0	1	0	0	2	0	0	3	0	1	0	0	0	1	0	1	0	0	1	0	0	0	1	0	4	0	0	"
rrap_ns10_nh3_m2_seed4,9,10,3,2,87,142,136,14,51,35,[Q-BASIC],21618,148,1660,55470,9060,4.57519,0.885895,"0	1	0	0	1	0	0	0	1	1	1	0	0	2	0	1	0	0	1	0	0	1	0	0	1	0	0	0	0	3	"
rrap_ns10_nh4_m2_seed1,9,10,4,2,87,142,136,14,51,35,[Q-BASIC],27384,241,2257,76036,57695,40.8142,0.94371,"1	0	0	0	0	0	0	1	2	0	0	0	0	0	0	3	0	1	0	0	0	0	0	1	0	0	1	0	2	0	0	0	0	1	0	0	3	0	0	0	"
rrap_ns10_nh4_m2_seed2,9,10,4,2,87,142,136,14,51,35,[Q-BASIC],30077,298,2314,87098,3.63E+06,1728.42,0.947567,"0	1	0	0	0	1	0	0	0	0	0	2	0	2	0	1	0	1	0	0	0	1	0	0	0	0	2	0	0	1	0	0	0	1	0	0	0	0	2	1	"
rrap_ns10_nh4_m2_seed3,9,10,4,2,87,142,136,14,51,35,[Q-BASIC],25978,216,2232,70268,43207,81.4709,0.926181,"0	0	1	0	0	0	1	0	0	0	2	0	2	0	0	0	0	0	1	0	0	1	0	0	0	1	0	0	0	1	0	0	0	0	0	1	0	0	0	4	"
rrap_ns10_nh4_m2_seed4,9,10,4,2,87,142,136,14,51,35,[Q-BASIC],26311,222,2238,71494,42274,48.9163,0.923958,"1	0	0	0	1	0	0	0	0	0	0	1	0	3	0	0	0	0	1	0	0	0	1	0	0	1	0	0	0	0	0	1	0	2	0	0	1	1	1	0	"
rrap_ns10_nh2_m2_seed1,9,10,2,2,87,142,136,14,51,35,[Q-TREE],3268,99,383,10252,1736,1.52092,0.880583,"0	1	0	1	1	0	1	0	2	0	2	0	1	0	0	1	1	1	0	2	"
rrap_ns10_nh2_m2_seed2,9,10,2,2,87,142,136,14,51,35,[Q-TREE],4136,125,409,13394,7399,3.74579,0.928187,"0	1	1	0	0	2	0	3	0	1	1	0	2	0	1	0	0	1	0	4	"
rrap_ns10_nh2_m2_seed3,9,10,2,2,87,142,136,14,51,35,[Q-TREE],5474,185,469,18317,5206,3.72468,0.944542,"0	1	0	1	2	0	0	3	2	0	1	0	2	0	0	1	1	0	1	3	"
rrap_ns10_nh2_m2_seed4,9,10,2,2,87,142,136,14,51,35,[Q-TREE],5314,178,462,17729,36607,12.0975,0.969587,"0	1	1	0	3	0	3	0	1	0	0	1	0	1	0	1	2	0	0	4	"
rrap_ns10_nh3_m2_seed1,9,10,3,2,87,142,136,14,51,35,[Q-TREE],5695,184,610,18387,18129,6.2953,0.906398,"0	0	1	0	0	1	1	0	0	0	1	0	2	0	0	2	0	0	0	0	1	2	0	0	1	0	0	1	0	2	"
rrap_ns10_nh3_m2_seed2,9,10,3,2,87,142,136,14,51,35,[Q-TREE],5411,181,607,17381,20587,5.50953,0.911655,"1	0	0	1	0	0	1	0	0	1	0	0	0	2	0	0	1	2	0	0	1	1	0	0	0	0	1	0	0	3	"
rrap_ns10_nh3_m2_seed3,9,10,3,2,87,142,136,14,51,35,[Q-TREE],5557,191,617,17932,34716,17.0015,0.937489,"0	1	0	0	1	0	0	2	0	0	3	0	1	0	0	0	1	0	1	0	0	1	0	0	0	1	0	4	0	0	"
rrap_ns10_nh3_m2_seed4,9,10,3,2,87,142,136,14,51,35,[Q-TREE],4811,148,574,15149,7275,3.71824,0.885895,"0	1	0	0	1	0	0	0	1	1	1	0	0	2	0	1	0	0	1	0	0	1	0	0	1	0	0	0	0	3	"
rrap_ns10_nh4_m2_seed1,9,10,4,2,87,142,136,14,51,35,[Q-TREE],7280,241,809,23463,144593,53.0106,0.943713,"1	0	0	0	0	0	0	1	2	0	0	0	0	0	0	3	0	1	0	0	0	0	0	1	0	0	1	0	2	0	0	0	0	1	0	0	3	0	0	0	"
rrap_ns10_nh4_m2_seed2,9,10,4,2,87,142,136,14,51,35,[Q-TREE],8786,298,866,28962,6.81E+06,2030.65,0.947567,"0	1	0	0	0	1	0	0	0	0	0	2	0	2	0	1	0	1	0	0	0	1	0	0	0	0	2	0	0	1	0	0	0	1	0	0	0	0	2	1	"
rrap_ns10_nh4_m2_seed3,9,10,4,2,87,142,136,14,51,35,[Q-TREE],6896,216,784,22019,50052,65.5546,0.926176,"0	0	1	0	0	0	1	0	0	0	2	0	2	0	0	0	0	0	1	0	0	1	0	0	0	1	0	0	0	1	0	0	0	0	0	1	0	0	0	4	"
rrap_ns10_nh4_m2_seed4,9,10,4,2,87,142,136,14,51,35,[Q-TREE],7048,222,790,22575,63119,61.6257,0.923955,"1	0	0	0	1	0	0	0	0	0	0	1	0	3	0	0	0	0	1	0	0	0	1	0	0	1	0	0	0	0	0	1	0	2	0	0	1	1	1	0	"
rrap_ns10_nh2_m2_seed1,9,10,2,2,87,142,136,14,51,35,[Q-OB-TREE],3108,99,371,9764,1498,1.18326,0.880583,"0	1	0	1	1	0	1	0	2	0	2	0	1	0	0	1	1	1	0	2	"
rrap_ns10_nh2_m2_seed2,9,10,2,2,87,142,136,14,51,35,[Q-OB-TREE],3980,125,397,12920,7810,4.60907,0.928187,"0	1	1	0	0	2	0	3	0	1	1	0	2	0	1	0	0	1	0	4	"
rrap_ns10_nh2_m2_seed3,9,10,2,2,87,142,136,14,51,35,[Q-OB-TREE],5264,185,457,17654,10495,3.77251,0.944544,"0	1	0	1	2	0	0	3	2	0	1	0	2	0	0	1	1	0	1	3	"
rrap_ns10_nh2_m2_seed4,9,10,2,2,87,142,136,14,51,35,[Q-OB-TREE],5064,178,450,16926,20689,12.0654,0.969585,"0	1	1	0	3	0	3	0	1	0	0	1	0	1	0	1	2	0	0	4	"
rrap_ns10_nh3_m2_seed1,9,10,3,2,87,142,136,14,51,35,[Q-OB-TREE],5441,184,592,17597,18693,7.68911,0.906397,"0	0	1	0	0	1	1	0	0	0	1	0	2	0	0	2	0	0	0	0	1	2	0	0	1	0	0	1	0	2	"
rrap_ns10_nh3_m2_seed2,9,10,3,2,87,142,136,14,51,35,[Q-OB-TREE],5159,181,589,16598,25512,6.5211,0.911655,"1	0	0	1	0	0	1	0	0	1	0	0	0	2	0	0	1	2	0	0	1	1	0	0	0	0	1	0	0	3	"
rrap_ns10_nh3_m2_seed3,9,10,3,2,87,142,136,14,51,35,[Q-OB-TREE],5303,191,599,17142,42125,19.0982,0.937493,"0	1	0	0	1	0	0	2	0	0	3	0	1	0	0	0	1	0	1	0	0	1	0	0	0	1	0	4	0	0	"
rrap_ns10_nh3_m2_seed4,9,10,3,2,87,142,136,14,51,35,[Q-OB-TREE],4595,148,556,14492,10254,4.23138,0.885895,"0	1	0	0	1	0	0	0	1	1	1	0	0	2	0	1	0	0	1	0	0	1	0	0	1	0	0	0	0	3	"
rrap_ns10_nh4_m2_seed1,9,10,4,2,87,142,136,14,51,35,[Q-OB-TREE],6898,241,785,22252,62491,31.0306,0.94371,"1	0	0	0	0	0	0	1	2	0	0	0	0	0	0	3	0	1	0	0	0	0	0	1	0	0	1	0	2	0	0	0	0	1	0	0	3	0	0	0	"
rrap_ns10_nh4_m2_seed2,9,10,4,2,87,142,136,14,51,35,[Q-OB-TREE],8392,298,842,27709,8.31E+06,1834.51,0.947566,"0	1	0	0	0	1	0	0	0	0	0	2	0	2	0	1	0	1	0	0	0	1	0	0	0	0	2	0	0	1	0	0	0	1	0	0	0	0	2	1	"
rrap_ns10_nh4_m2_seed3,9,10,4,2,87,142,136,14,51,35,[Q-OB-TREE],6584,216,760,21053,58720,54.0516,0.926174,"0	0	1	0	0	0	1	0	0	0	2	0	2	0	0	0	0	0	1	0	0	1	0	0	0	1	0	0	0	1	0	0	0	0	0	1	0	0	0	4	"
rrap_ns10_nh4_m2_seed4,9,10,4,2,87,142,136,14,51,35,[Q-OB-TREE],6770,222,766,21728,54934,45.8572,0.923955,"1	0	0	0	1	0	0	0	0	0	0	1	0	3	0	0	0	0	1	0	0	0	1	0	0	1	0	0	0	0	0	1	0	2	0	0	1	1	1	0	"
rrap_ns10_nh2_m2_seed1,9,10,2,2,87,142,136,14,51,35,[BASIC],2101,99,336,6352,715,0.569156,0.880582,"0	1	0	1	1	0	1	0	2	0	2	0	1	0	0	1	1	1	0	2	"
rrap_ns10_nh2_m2_seed2,9,10,2,2,87,142,136,14,51,35,[BASIC],2449,125,362,7791,9041,1.86539,0.928186,"0	1	1	0	0	2	0	3	0	1	1	0	2	0	1	0	0	1	0	4	"
rrap_ns10_nh2_m2_seed3,9,10,2,2,87,142,136,14,51,35,[BASIC],3234,185,422,10883,8972,2.58825,0.944541,"0	1	0	1	2	0	0	3	2	0	1	0	2	0	0	1	1	0	1	3	"
rrap_ns10_nh2_m2_seed4,9,10,2,2,87,142,136,14,51,35,[BASIC],3289,178,415,10906,45828,3.42473,0.969581,"0	1	1	0	3	0	3	0	1	0	0	1	0	1	0	1	2	0	0	4	"
rrap_ns10_nh3_m2_seed1,9,10,3,2,87,142,136,14,51,35,[BASIC],3323,184,500,10737,15984,3.34589,0.906396,"0	0	1	0	0	1	1	0	0	0	1	0	2	0	0	2	0	0	0	0	1	2	0	0	1	0	0	1	0	2	"
rrap_ns10_nh3_m2_seed2,9,10,3,2,87,142,136,14,51,35,[BASIC],3335,181,497,10696,35455,5.86549,0.911652,"1	0	0	1	0	0	1	0	0	1	0	0	0	2	0	0	1	2	0	0	1	1	0	0	0	0	1	0	0	3	"
rrap_ns10_nh3_m2_seed3,9,10,3,2,87,142,136,14,51,35,[BASIC],3388,191,507,11008,44310,8.89972,0.937487,"0	1	0	0	1	0	0	2	0	0	3	0	1	0	0	0	1	0	1	0	0	1	0	0	0	1	0	4	0	0	"
rrap_ns10_nh3_m2_seed4,9,10,3,2,87,142,136,14,51,35,[BASIC],2915,148,464,9057,5081,1.23379,0.885894,"0	1	0	0	1	0	0	0	1	1	1	0	0	2	0	1	0	0	1	0	0	1	0	0	1	0	0	0	0	3	"
rrap_ns10_nh4_m2_seed1,9,10,4,2,87,142,136,14,51,35,[BASIC],4375,241,636,14218,128108,20.7107,0.943704,"1	0	0	0	0	0	0	1	2	0	0	0	0	0	0	3	0	1	0	0	0	0	0	1	0	0	1	0	2	0	0	0	0	1	0	0	3	0	0	0	"
rrap_ns10_nh4_m2_seed2,9,10,4,2,87,142,136,14,51,35,[BASIC],5200,298,693,17303,2.37E+06,289.872,0.947554,"0	1	0	0	0	1	0	0	0	0	0	2	0	2	0	1	0	1	0	0	0	1	0	0	0	0	2	0	0	1	0	0	0	1	0	0	0	0	2	1	"
rrap_ns10_nh4_m2_seed3,9,10,4,2,87,142,136,14,51,35,[BASIC],4084,216,611,12959,82150,10.8922,0.926174,"0	0	1	0	0	0	1	0	0	0	2	0	2	0	0	0	0	0	1	0	0	1	0	0	0	1	0	0	0	1	0	0	0	0	0	1	0	0	0	4	"
rrap_ns10_nh4_m2_seed4,9,10,4,2,87,142,136,14,51,35,[BASIC],4194,222,617,13398,71161,11.7413,0.923953,"1	0	0	0	1	0	0	0	0	0	0	1	0	3	0	0	0	0	1	0	0	0	1	0	0	1	0	0	0	0	0	1	0	2	0	0	1	1	1	0	"
rrap_ns10_nh2_m2_seed1,9,10,2,2,87,142,136,14,51,35,[TREE],1206,99,252,3920,2205,0.881601,0.880582,"0	1	0	1	1	0	1	0	2	0	2	0	1	0	0	1	1	1	0	2	"
rrap_ns10_nh2_m2_seed2,9,10,2,2,87,142,136,14,51,35,[TREE],1506,125,278,5074,18725,2.85869,0.928186,"0	1	1	0	0	2	0	3	0	1	1	0	2	0	1	0	0	1	0	4	"
rrap_ns10_nh2_m2_seed3,9,10,2,2,87,142,136,14,51,35,[TREE],2006,185,338,7064,18339,2.69777,0.944541,"0	1	0	1	2	0	0	3	2	0	1	0	2	0	0	1	1	0	1	3	"
rrap_ns10_nh2_m2_seed4,9,10,2,2,87,142,136,14,51,35,[TREE],1964,178,331,6889,114693,12.1308,0.969582,"0	1	1	0	3	0	3	0	1	0	0	1	0	1	0	1	2	0	0	4	"
rrap_ns10_nh3_m2_seed1,9,10,3,2,87,142,136,14,51,35,[TREE],2074,184,388,7008,42174,9.22068,0.906395,"0	0	1	0	0	1	1	0	0	0	1	0	2	0	0	2	0	0	0	0	1	2	0	0	1	0	0	1	0	2	"
rrap_ns10_nh3_m2_seed2,9,10,3,2,87,142,136,14,51,35,[TREE],2002,181,385,6744,36112,9.08829,0.911652,"1	0	0	1	0	0	1	0	0	1	0	0	0	2	0	0	1	2	0	0	1	1	0	0	0	0	1	0	0	3	"
rrap_ns10_nh3_m2_seed3,9,10,3,2,87,142,136,14,51,35,[TREE],2048,191,395,6945,57518,12.4747,0.937487,"0	1	0	0	1	0	0	2	0	0	3	0	1	0	0	0	1	0	1	0	0	1	0	0	0	1	0	4	0	0	"
rrap_ns10_nh3_m2_seed4,9,10,3,2,87,142,136,14,51,35,[TREE],1774,148,352,5814,13257,2.14337,0.885894,"0	1	0	0	1	0	0	0	1	1	1	0	0	2	0	1	0	0	1	0	0	1	0	0	1	0	0	0	0	3	"
rrap_ns10_nh4_m2_seed1,9,10,4,2,87,142,136,14,51,35,[TREE],2682,241,496,9074,240671,37.6306,0.943704,"1	0	0	0	0	0	0	1	2	0	0	0	0	0	0	3	0	1	0	0	0	0	0	1	0	0	1	0	2	0	0	0	0	1	0	0	3	0	0	0	"
rrap_ns10_nh4_m2_seed2,9,10,4,2,87,142,136,14,51,35,[TREE],3198,298,553,11108,1.90E+07,1793.9,0.947554,"0	1	0	0	0	1	0	0	0	0	0	2	0	2	0	1	0	1	0	0	0	1	0	0	0	0	2	0	0	1	0	0	0	1	0	0	0	0	2	1	"
rrap_ns10_nh4_m2_seed3,9,10,4,2,87,142,136,14,51,35,[TREE],2512,216,471,8379,111502,21.0901,0.926174,"0	0	1	0	0	0	1	0	0	0	2	0	2	0	0	0	0	0	1	0	0	1	0	0	0	1	0	0	0	1	0	0	0	0	0	1	0	0	0	4	"
rrap_ns10_nh4_m2_seed4,9,10,4,2,87,142,136,14,51,35,[TREE],2566,222,477,8592,100909,16.4013,0.923952,"1	0	0	0	1	0	0	0	0	0	0	1	0	3	0	0	0	0	1	0	0	0	1	0	0	1	0	0	0	0	0	1	0	2	0	0	1	1	1	0	"
rrap_ns10_nh2_m2_seed1,9,10,2,2,87,142,136,14,51,35,[OB-TREE],848,99,204,2847,1441,0.565773,0.880582,"0	1	0	1	1	0	1	0	2	0	2	0	1	0	0	1	1	1	0	2	"
rrap_ns10_nh2_m2_seed2,9,10,2,2,87,142,136,14,51,35,[OB-TREE],978,125,230,3406,11811,2.08235,0.928186,"0	1	1	0	0	2	0	3	0	1	1	0	2	0	1	0	0	1	0	4	"
rrap_ns10_nh2_m2_seed3,9,10,2,2,87,142,136,14,51,35,[OB-TREE],1410,185,290,5158,10949,1.13556,0.944541,"0	1	0	1	2	0	0	3	2	0	1	0	2	0	0	1	1	0	1	3	"
rrap_ns10_nh2_m2_seed4,9,10,2,2,87,142,136,14,51,35,[OB-TREE],1342,178,283,4892,61147,3.54492,0.969581,"0	1	1	0	3	0	3	0	1	0	0	1	0	1	0	1	2	0	0	4	"
rrap_ns10_nh3_m2_seed1,9,10,3,2,87,142,136,14,51,35,[OB-TREE],1470,184,324,5146,42702,7.45277,0.906395,"0	0	1	0	0	1	1	0	0	0	1	0	2	0	0	2	0	0	0	0	1	2	0	0	1	0	0	1	0	2	"
rrap_ns10_nh3_m2_seed2,9,10,3,2,87,142,136,14,51,35,[OB-TREE],1374,181,321,4798,40256,6.65006,0.911652,"1	0	0	1	0	0	1	0	0	1	0	0	0	2	0	0	1	2	0	0	1	1	0	0	0	0	1	0	0	3	"
rrap_ns10_nh3_m2_seed3,9,10,3,2,87,142,136,14,51,35,[OB-TREE],1406,191,331,4950,67079,6.81605,0.937487,"0	1	0	0	1	0	0	2	0	0	3	0	1	0	0	0	1	0	1	0	0	1	0	0	0	1	0	4	0	0	"
rrap_ns10_nh3_m2_seed4,9,10,3,2,87,142,136,14,51,35,[OB-TREE],1146,148,288,3868,14267,1.58118,0.885894,"0	1	0	0	1	0	0	0	1	1	1	0	0	2	0	1	0	0	1	0	0	1	0	0	1	0	0	0	0	3	"
rrap_ns10_nh4_m2_seed1,9,10,4,2,87,142,136,14,51,35,[OB-TREE],1814,241,416,6360,281864,27.4664,0.943704,"1	0	0	0	0	0	0	1	2	0	0	0	0	0	0	3	0	1	0	0	0	0	0	1	0	0	1	0	2	0	0	0	0	1	0	0	3	0	0	0	"
rrap_ns10_nh4_m2_seed2,9,10,4,2,87,142,136,14,51,35,[OB-TREE],2252,298,473,8121,1.18E+07,959.023,0.947554,"0	1	0	0	0	1	0	0	0	0	0	2	0	2	0	1	0	1	0	0	0	1	0	0	0	0	2	0	0	1	0	0	0	1	0	0	0	0	2	1	"
rrap_ns10_nh4_m2_seed3,9,10,4,2,87,142,136,14,51,35,[OB-TREE],1674,216,391,5770,140070,19.0392,0.926174,"0	0	1	0	0	0	1	0	0	0	2	0	2	0	0	0	0	0	1	0	0	1	0	0	0	1	0	0	0	1	0	0	0	0	0	1	0	0	0	4	"
rrap_ns10_nh4_m2_seed4,9,10,4,2,87,142,136,14,51,35,[OB-TREE],1782,222,397,6172,110712,11.618,0.923952,"1	0	0	0	1	0	0	0	0	0	0	1	0	3	0	0	0	0	1	0	0	0	1	0	0	1	0	0	0	0	0	1	0	2	0	0	1	1	1	0	"
rrap_ns10_nh2_m2_seed1,10,10,2,2,99,133,108,9,29,26,[Q-BASIC],23820,99,1179,56612,733,1.7175,0.67433,"0	1	0	1	1	0	2	0	2	0	1	0	1	0	0	1	2	2	0	1	"
rrap_ns10_nh2_m2_seed2,10,10,2,2,99,133,108,9,29,26,[Q-BASIC],25181,125,1205,62198,1412,1.77627,0.717961,"0	1	1	0	0	1	0	2	1	1	1	0	1	0	1	0	1	2	0	3	"
rrap_ns10_nh2_m2_seed3,10,10,2,2,99,133,108,9,29,26,[Q-BASIC],28174,185,1265,75084,416,1.80592,0.871031,"0	1	0	1	0	1	0	3	4	0	0	1	1	0	0	1	3	0	1	2	"
rrap_ns10_nh2_m2_seed4,10,10,2,2,99,133,108,9,29,26,[Q-BASIC],27705,178,1258,73458,487,1.17134,0.922683,"1	0	1	0	1	0	2	1	4	0	0	1	0	1	0	1	4	0	0	3	"
rrap_ns10_nh3_m2_seed1,10,10,3,2,99,133,108,9,29,26,[Q-BASIC],29189,184,1804,75380,3607,3.74383,0.729299,"0	1	0	0	1	0	1	0	0	0	2	0	2	0	0	1	0	0	0	0	1	1	0	0	0	0	2	2	0	0	"
rrap_ns10_nh3_m2_seed2,10,10,3,2,99,133,108,9,29,26,[Q-BASIC],29004,181,1801,74818,1040,3.24222,0.80297,"1	0	0	1	0	0	1	0	0	2	0	0	0	2	0	0	0	1	0	0	1	0	0	1	0	0	3	0	0	2	"
rrap_ns10_nh3_m2_seed3,10,10,3,2,99,133,108,9,29,26,[Q-BASIC],29657,191,1811,77124,1125,1.76629,0.813815,"0	1	0	0	1	0	0	1	0	2	0	0	2	0	0	0	1	0	0	1	0	0	1	0	0	2	0	3	0	0	"
rrap_ns10_nh3_m2_seed4,10,10,3,2,99,133,108,9,29,26,[Q-BASIC],27421,148,1768,68040,1183,1.65869,0.701482,"0	1	0	0	1	0	0	0	1	1	0	1	0	2	0	0	0	1	1	0	0	0	1	0	2	0	0	0	0	2	"
rrap_ns10_nh4_m2_seed1,10,10,4,2,99,133,108,9,29,26,[Q-BASIC],33359,241,2401,89118,11876,5.9406,0.844493,"1	0	0	0	0	0	0	1	1	0	0	0	0	0	0	3	1	2	0	0	0	1	0	0	0	0	1	0	1	0	0	0	0	0	0	2	2	0	0	0	"
rrap_ns10_nh4_m2_seed2,10,10,4,2,99,133,108,9,29,26,[Q-BASIC],36584,298,2458,102216,62269,53.6289,0.834676,"0	1	0	0	0	1	0	0	0	0	0	1	0	2	0	0	0	2	0	1	0	1	0	0	0	0	1	0	0	0	1	0	1	2	0	0	0	0	2	0	"
rrap_ns10_nh4_m2_seed3,10,10,4,2,99,133,108,9,29,26,[Q-BASIC],32175,216,2376,84190,5659,10.8669,0.759114,"0	0	1	0	0	0	0	1	0	0	1	0	2	0	0	0	0	2	0	0	0	0	1	0	1	0	0	0	0	0	1	0	0	0	0	3	0	0	0	2	"
rrap_ns10_nh4_m2_seed4,10,10,4,2,99,133,108,9,29,26,[Q-BASIC],32596,222,2382,85716,3465,4.29347,0.820863,"0	0	0	1	1	0	0	0	0	0	0	1	1	1	0	0	0	0	2	0	0	0	1	0	0	0	1	0	0	0	0	1	0	3	0	0	0	2	0	0	"
rrap_ns10_nh2_m2_seed1,10,10,2,2,99,133,108,9,29,26,[Q-TREE],3306,99,365,10340,749,1.72314,0.67433,"0	1	0	1	1	0	2	0	2	0	1	0	1	0	0	1	2	2	0	1	"
rrap_ns10_nh2_m2_seed2,10,10,2,2,99,133,108,9,29,26,[Q-TREE],4112,125,391,13265,1381,1.589,0.717961,"0	1	1	0	0	1	0	2	0	2	1	0	1	0	1	0	1	2	0	3	"
rrap_ns10_nh2_m2_seed3,10,10,2,2,99,133,108,9,29,26,[Q-TREE],5076,185,451,16879,1012,1.00972,0.871031,"0	1	0	1	0	1	0	3	4	0	0	1	1	0	0	1	3	0	1	2	"
rrap_ns10_nh2_m2_seed4,10,10,2,2,99,133,108,9,29,26,[Q-TREE],5222,178,444,17362,429,1.11261,0.922683,"1	0	1	0	1	0	2	1	4	0	0	1	0	1	0	1	4	0	0	3	"
rrap_ns10_nh3_m2_seed1,10,10,3,2,99,133,108,9,29,26,[Q-TREE],5274,184,583,16909,3479,5.53751,0.7293,"0	1	0	0	1	0	1	0	0	0	2	0	2	0	0	1	0	0	0	0	1	1	0	0	0	0	2	2	0	0	"
rrap_ns10_nh3_m2_seed2,10,10,3,2,99,133,108,9,29,26,[Q-TREE],5108,181,580,16316,1773,3.85203,0.802969,"1	0	0	1	0	0	1	0	0	2	0	0	0	2	0	0	0	1	0	0	1	0	0	1	0	0	3	0	0	2	"
rrap_ns10_nh3_m2_seed3,10,10,3,2,99,133,108,9,29,26,[Q-TREE],5240,191,590,16818,919,1.31689,0.813816,"0	1	0	0	1	0	0	1	0	2	0	0	2	0	0	0	1	0	0	1	0	0	1	0	0	2	0	3	0	0	"
rrap_ns10_nh3_m2_seed4,10,10,3,2,99,133,108,9,29,26,[Q-TREE],4742,148,547,14903,1182,1.27694,0.701483,"0	1	0	0	1	0	0	0	1	1	0	1	0	2	0	0	0	1	1	0	0	0	1	0	2	0	0	0	0	2	"
rrap_ns10_nh4_m2_seed1,10,10,4,2,99,133,108,9,29,26,[Q-TREE],6946,241,773,22330,14617,6.43922,0.844491,"1	0	0	0	0	0	0	1	1	0	0	0	0	0	0	3	1	2	0	0	0	1	0	0	0	0	1	0	1	0	0	0	0	0	0	2	2	0	0	0	"
rrap_ns10_nh4_m2_seed2,10,10,4,2,99,133,108,9,29,26,[Q-TREE],8190,298,830,26912,59901,41.7611,0.834677,"0	1	0	0	0	1	0	0	0	0	0	1	0	2	0	0	0	2	0	1	0	1	0	0	0	0	1	0	0	0	1	0	1	2	0	0	0	0	2	0	"
rrap_ns10_nh4_m2_seed3,10,10,4,2,99,133,108,9,29,26,[Q-TREE],6712,216,748,21411,5352,8.68718,0.759113,"0	0	1	0	0	0	0	1	0	0	1	0	2	0	0	0	0	2	0	0	0	0	1	0	1	0	0	0	0	0	1	0	0	0	0	3	0	0	0	2	"
rrap_ns10_nh4_m2_seed4,10,10,4,2,99,133,108,9,29,26,[Q-TREE],6794,222,754,21722,5065,4.59093,0.820863,"0	0	0	1	1	0	0	0	0	0	0	1	1	1	0	0	0	0	2	0	0	0	1	0	0	0	1	0	0	0	0	1	0	3	0	0	0	2	0	0	"
rrap_ns10_nh2_m2_seed1,10,10,2,2,99,133,108,9,29,26,[Q-OB-TREE],2508,99,315,7814,580,1.07527,0.674329,"0	1	0	1	1	0	2	0	2	0	1	0	1	0	0	1	2	2	0	1	"
rrap_ns10_nh2_m2_seed2,10,10,2,2,99,133,108,9,29,26,[Q-OB-TREE],3216,125,341,10396,1493,1.44127,0.71796,"0	1	1	0	0	1	0	2	1	1	1	0	1	0	1	0	1	2	0	3	"
rrap_ns10_nh2_m2_seed3,10,10,2,2,99,133,108,9,29,26,[Q-OB-TREE],4080,185,401,13660,386,1.1556,0.871034,"0	1	0	1	0	1	0	3	4	0	0	1	1	0	0	1	3	0	1	2	"
rrap_ns10_nh2_m2_seed4,10,10,2,2,99,133,108,9,29,26,[Q-OB-TREE],4156,178,394,13898,825,0.902475,0.922683,"1	0	1	0	1	0	2	1	4	0	0	1	0	1	0	1	4	0	0	3	"
rrap_ns10_nh3_m2_seed1,10,10,3,2,99,133,108,9,29,26,[Q-OB-TREE],4331,184,508,13988,3628,3.16617,0.729298,"0	1	0	0	1	0	1	0	0	0	2	0	2	0	0	1	0	0	0	0	1	1	0	0	0	0	2	2	0	0	"
rrap_ns10_nh3_m2_seed2,10,10,3,2,99,133,108,9,29,26,[Q-OB-TREE],4323,181,505,13948,959,1.1785,0.802971,"1	0	0	1	0	0	1	0	0	2	0	0	0	2	0	0	0	1	0	0	1	0	0	1	0	0	3	0	0	2	"
rrap_ns10_nh3_m2_seed3,10,10,3,2,99,133,108,9,29,26,[Q-OB-TREE],4271,191,515,13806,805,1.36229,0.813814,"0	1	0	0	1	0	0	1	0	2	0	0	2	0	0	0	1	0	0	1	0	0	1	0	0	2	0	3	0	0	"
rrap_ns10_nh3_m2_seed4,10,10,3,2,99,133,108,9,29,26,[Q-OB-TREE],3977,148,472,12605,1239,1.12644,0.701481,"0	1	0	0	1	0	0	0	1	1	0	1	0	2	0	0	0	1	1	0	0	0	1	0	2	0	0	0	0	2	"
rrap_ns10_nh4_m2_seed1,10,10,4,2,99,133,108,9,29,26,[Q-OB-TREE],5800,241,673,18811,10276,6.60186,0.844492,"1	0	0	0	0	0	0	1	1	0	0	0	0	0	0	3	1	2	0	0	0	1	0	0	0	0	1	0	1	0	0	0	0	0	0	2	2	0	0	0	"
rrap_ns10_nh4_m2_seed2,10,10,4,2,99,133,108,9,29,26,[Q-OB-TREE],6636,298,730,21965,53713,27.3283,0.834677,"0	1	0	0	0	1	0	0	0	0	0	1	0	2	0	0	0	2	0	1	0	1	0	0	0	0	1	0	0	0	1	0	1	2	0	0	0	0	2	0	"
rrap_ns10_nh4_m2_seed3,10,10,4,2,99,133,108,9,29,26,[Q-OB-TREE],5420,216,648,17381,4841,6.65778,0.759114,"0	0	1	0	0	0	0	1	0	0	1	0	2	0	0	0	0	2	0	0	0	0	1	0	1	0	0	0	0	0	1	0	0	0	0	3	0	0	0	2	"
rrap_ns10_nh4_m2_seed4,10,10,4,2,99,133,108,9,29,26,[Q-OB-TREE],5362,222,654,17202,4265,3.94611,0.820861,"0	0	0	1	1	0	0	0	0	0	0	1	1	1	0	0	0	0	2	0	0	0	1	0	0	0	1	0	0	0	0	1	0	3	0	0	0	2	0	0	"
rrap_ns10_nh2_m2_seed1,10,10,2,2,99,133,108,9,29,26,[BASIC],1489,99,279,4678,943,0.506731,0.674328,"0	1	0	1	1	0	2	0	2	0	1	0	1	0	0	1	2	2	0	1	"
rrap_ns10_nh2_m2_seed2,10,10,2,2,99,133,108,9,29,26,[BASIC],1775,125,305,5809,3300,2.15454,0.717961,"0	1	1	0	0	1	0	2	1	1	1	0	1	0	1	0	1	2	0	3	"
rrap_ns10_nh2_m2_seed3,10,10,2,2,99,133,108,9,29,26,[BASIC],2401,185,365,8331,388,0.516305,0.87103,"0	1	0	1	0	1	0	3	4	0	0	1	1	0	0	1	3	0	1	2	"
rrap_ns10_nh2_m2_seed4,10,10,2,2,99,133,108,9,29,26,[BASIC],2356,178,358,8103,468,0.854874,0.922681,"1	0	1	0	1	0	2	1	4	0	0	1	0	1	0	1	4	0	0	3	"
rrap_ns10_nh3_m2_seed1,10,10,3,2,99,133,108,9,29,26,[BASIC],2576,184,424,8484,3700,1.74732,0.729297,"0	1	0	0	1	0	1	0	0	0	2	0	2	0	0	1	0	0	0	0	1	1	0	0	0	0	2	2	0	0	"
rrap_ns10_nh3_m2_seed2,10,10,3,2,99,133,108,9,29,26,[BASIC],2477,181,421,8192,1925,2.37238,0.802967,"1	0	0	1	0	0	1	0	0	2	0	0	0	2	0	0	0	1	0	0	1	0	0	1	0	0	3	0	0	2	"
rrap_ns10_nh3_m2_seed3,10,10,3,2,99,133,108,9,29,26,[BASIC],2645,191,431,8772,1005,0.997073,0.813812,"0	1	0	0	1	0	0	1	0	2	0	0	2	0	0	0	1	0	0	1	0	0	1	0	0	2	0	3	0	0	"
rrap_ns10_nh3_m2_seed4,10,10,3,2,99,133,108,9,29,26,[BASIC],2178,148,388,6910,770,0.661155,0.701478,"0	1	0	0	1	0	0	0	1	1	0	1	0	2	0	0	0	1	1	0	0	0	1	0	2	0	0	0	0	2	"
rrap_ns10_nh4_m2_seed1,10,10,4,2,99,133,108,9,29,26,[BASIC],3289,241,541,10913,29434,6.99334,0.844491,"1	0	0	0	0	0	0	1	1	0	0	0	0	0	0	3	1	2	0	0	0	1	0	0	0	0	1	0	1	0	0	0	0	0	0	2	2	0	0	0	"
rrap_ns10_nh4_m2_seed2,10,10,4,2,99,133,108,9,29,26,[BASIC],3965,298,598,13522,175682,36.6118,0.834673,"0	1	0	0	0	1	0	0	0	0	0	1	0	2	0	0	0	2	0	1	0	1	0	0	0	0	1	0	0	0	1	0	1	2	0	0	0	0	2	0	"
rrap_ns10_nh4_m2_seed3,10,10,4,2,99,133,108,9,29,26,[BASIC],3005,216,516,9807,6600,1.64658,0.759112,"0	0	1	0	0	0	0	1	0	0	1	0	2	0	0	0	0	2	0	0	0	0	1	0	1	0	0	0	0	0	1	0	0	0	0	3	0	0	0	2	"
rrap_ns10_nh4_m2_seed4,10,10,4,2,99,133,108,9,29,26,[BASIC],3111,222,522,10165,5091,2.63738,0.820857,"0	0	0	1	1	0	0	0	0	0	0	1	1	1	0	0	0	0	2	0	0	0	1	0	0	0	1	0	0	0	0	1	0	3	0	0	0	2	0	0	"
rrap_ns10_nh2_m2_seed1,10,10,2,2,99,133,108,9,29,26,[TREE],718,99,186,2460,748,0.329386,0.674328,"0	1	0	1	1	0	2	0	2	0	1	0	1	0	0	1	2	2	0	1	"
rrap_ns10_nh2_m2_seed2,10,10,2,2,99,133,108,9,29,26,[TREE],848,125,212,3019,1331,0.504385,0.717959,"0	1	1	0	0	1	0	2	1	1	1	0	1	0	1	0	1	2	0	3	"
rrap_ns10_nh2_m2_seed3,10,10,2,2,99,133,108,9,29,26,[TREE],1136,185,272,4267,296,0.490398,0.87103,"0	1	0	1	0	1	0	3	4	0	0	1	1	0	0	1	3	0	1	2	"
rrap_ns10_nh2_m2_seed4,10,10,2,2,99,133,108,9,29,26,[TREE],1132,178,265,4225,240,0.401988,0.922681,"1	0	1	0	1	0	2	1	4	0	0	1	0	1	0	1	4	0	0	3	"
rrap_ns10_nh3_m2_seed1,10,10,3,2,99,133,108,9,29,26,[TREE],1178,184,300,4219,1782,0.880359,0.729297,"0	1	0	0	1	0	1	0	0	0	2	0	2	0	0	1	0	0	0	0	1	1	0	0	0	0	2	2	0	0	"
rrap_ns10_nh3_m2_seed2,10,10,3,2,99,133,108,9,29,26,[TREE],1128,181,297,4032,852,0.694657,0.802967,"1	0	0	1	0	0	1	0	0	2	0	0	0	2	0	0	0	1	0	0	1	0	0	1	0	0	3	0	0	2	"
rrap_ns10_nh3_m2_seed3,10,10,3,2,99,133,108,9,29,26,[TREE],1168,191,307,4212,363,0.476689,0.813812,"0	1	0	0	1	0	0	1	0	2	0	0	2	0	0	0	1	0	0	1	0	0	1	0	0	2	0	3	0	0	"
rrap_ns10_nh3_m2_seed4,10,10,3,2,99,133,108,9,29,26,[TREE],984,148,264,3396,1016,0.556173,0.701478,"0	1	0	0	1	0	0	0	1	1	0	1	0	2	0	0	0	1	1	0	0	1	0	0	2	0	0	0	0	2	"
rrap_ns10_nh4_m2_seed1,10,10,4,2,99,133,108,9,29,26,[TREE],1510,241,386,5418,19797,2.40537,0.844491,"1	0	0	0	0	0	0	1	1	0	0	0	0	0	0	3	1	2	0	0	0	1	0	0	0	0	1	0	1	0	0	0	0	0	0	2	2	0	0	0	"
rrap_ns10_nh4_m2_seed2,10,10,4,2,99,133,108,9,29,26,[TREE],1826,298,443,6752,59958,11.2403,0.834673,"0	1	0	0	0	1	0	0	0	0	0	1	0	2	0	0	0	2	0	1	0	1	0	0	0	0	1	0	0	0	1	0	1	2	0	0	0	0	2	0	"
rrap_ns10_nh4_m2_seed3,10,10,4,2,99,133,108,9,29,26,[TREE],1416,216,361,4989,4388,1.33204,0.759112,"0	0	1	0	0	0	0	1	0	0	1	0	2	0	0	0	0	2	0	0	0	0	1	0	1	0	0	0	0	0	1	0	0	0	0	3	0	0	0	2	"
rrap_ns10_nh4_m2_seed4,10,10,4,2,99,133,108,9,29,26,[TREE],1482,222,367,5244,2291,0.559645,0.820857,"0	0	0	1	1	0	0	0	0	0	0	1	1	1	0	0	0	0	2	0	0	0	1	0	0	0	1	0	0	0	0	1	0	3	0	0	0	2	0	0	"
rrap_ns10_nh2_m2_seed1,10,10,2,2,99,133,108,9,29,26,[OB-TREE],641,99,177,2224,732,0.299621,0.674328,"0	1	0	1	1	0	2	0	2	0	1	0	1	0	0	1	2	2	0	1	"
rrap_ns10_nh2_m2_seed2,10,10,2,2,99,133,108,9,29,26,[OB-TREE],753,125,203,2720,1506,0.57441,0.717959,"0	1	1	0	0	1	0	2	1	1	1	0	1	0	1	0	1	2	0	3	"
rrap_ns10_nh2_m2_seed3,10,10,2,2,99,133,108,9,29,26,[OB-TREE],1023,185,263,3905,239,0.382048,0.87103,"0	1	0	1	0	1	0	3	4	0	0	1	1	0	0	1	3	0	1	2	"
rrap_ns10_nh2_m2_seed4,10,10,2,2,99,133,108,9,29,26,[OB-TREE],1035,178,256,3919,269,0.340053,0.922681,"1	0	1	0	1	0	2	1	4	0	0	1	0	1	0	1	4	0	0	3	"
rrap_ns10_nh3_m2_seed1,10,10,3,2,99,133,108,9,29,26,[OB-TREE],1044,184,288,3797,2611,0.774241,0.729297,"0	1	0	0	1	0	1	0	0	0	2	0	2	0	0	1	0	0	0	0	1	1	0	0	0	0	2	2	0	0	"
rrap_ns10_nh3_m2_seed2,10,10,3,2,99,133,108,9,29,26,[OB-TREE],1022,181,285,3708,678,0.560623,0.802967,"1	0	0	1	0	0	1	0	0	2	0	0	0	2	0	0	0	1	0	0	1	0	0	1	0	0	3	0	0	2	"
rrap_ns10_nh3_m2_seed3,10,10,3,2,99,133,108,9,29,26,[OB-TREE],1046,191,295,3832,444,0.365731,0.813812,"0	1	0	0	1	0	0	1	0	2	0	0	2	0	0	0	1	0	0	1	0	0	1	0	0	2	0	3	0	0	"
rrap_ns10_nh3_m2_seed4,10,10,3,2,99,133,108,9,29,26,[OB-TREE],890,148,252,3114,702,0.509522,0.701478,"0	1	0	0	1	0	0	0	1	1	0	1	0	2	0	0	0	1	1	0	0	0	1	0	2	0	0	0	0	2	"
rrap_ns10_nh4_m2_seed1,10,10,4,2,99,133,108,9,29,26,[OB-TREE],1373,241,371,4999,12415,1.71138,0.844491,"1	0	0	0	0	0	0	1	1	0	0	0	0	0	0	3	1	2	0	0	0	1	0	0	0	0	1	0	1	0	0	0	0	0	0	2	2	0	0	0	"
rrap_ns10_nh4_m2_seed2,10,10,4,2,99,133,108,9,29,26,[OB-TREE],1639,298,428,6158,51826,9.00969,0.834673,"0	1	0	0	0	1	0	0	0	0	0	1	0	2	0	0	0	2	0	1	0	1	0	0	0	0	1	0	0	0	1	0	1	2	0	0	0	0	2	0	"
rrap_ns10_nh4_m2_seed3,10,10,4,2,99,133,108,9,29,26,[OB-TREE],1271,216,346,4542,4689,1.44567,0.759112,"0	0	1	0	0	0	0	1	0	0	1	0	2	0	0	0	0	2	0	0	0	0	1	0	1	0	0	0	0	0	1	0	0	0	0	3	0	0	0	2	"
rrap_ns10_nh4_m2_seed4,10,10,4,2,99,133,108,9,29,26,[OB-TREE],1331,222,352,4776,3269,0.62599,0.820857,"0	0	0	1	1	0	0	0	0	0	0	1	1	1	0	0	0	0	2	0	0	0	1	0	0	0	1	0	0	0	0	1	0	3	0	0	0	2	0	0	"
